player_id,web_name,position,predicted_next_gw_points,prediction_low,prediction_high,predicted_next_3gw_points,predicted_next_gw_points_q80,captain_score,team_code,cost,player_form,is_home,opponent_elo,fdr,ep_next,event_points,total_points
220,Sánchez,GKP,6.67109287083149,3.3558374673128135,10.29273672401905,16.486043794080615,,6.67109287083149,8,4.9,3.8,1.0,1697.0,2.0,3.8,1,93
47,Rogers,MID,5.498430548608303,2.6427014932036395,10.494750796258451,17.320780311524867,8.616132,7.369051288962364,7,7.6,4.8,1.0,1785.0,2.0,4.8,2,125
237,Enzo,MID,5.418566110730171,2.5628370553255078,10.414886358380318,12.877139331120997,7.3307962,6.56590418934822,8,6.9,5.2,1.0,1697.0,2.0,5.2,2,118
382,Wirtz,MID,5.347915321588516,2.492186266183853,10.344235569238663,15.937266264110804,7.8307543,6.8376186966896055,14,8.4,5.8,0.0,1780.0,3.0,6.3,3,100
235,Palmer,MID,4.9944901537895205,2.1387610983848573,9.990810401439667,11.98021269371733,12.004253,9.200348093986511,8,10.6,8.6,1.0,1697.0,2.0,8.6,12,79
82,Semenyo,MID,4.803988901525735,1.948259846121072,9.800309149175883,14.108329498022794,5.9821057,5.510858999788761,43,7.9,6.6,1.0,1875.0,3.0,7.1,14,153
449,B.Fernandes,MID,4.724516045302153,1.8687869898974894,9.7208362929523,14.766175231337547,6.5088854,5.795137648284435,1,9.8,7.4,0.0,1822.0,3.0,7.4,2,143
314,Leno,GKP,4.604907703399658,1.2896522998809816,8.226551556587218,11.455172601342202,,4.604907703399658,54,4.9,1.6,0.0,1702.0,3.0,1.6,1,72
384,Gakpo,MID,4.549934073537588,1.6942050181329247,9.546254321187735,13.72978962212801,5.9707603,5.402429836690426,14,7.3,2.6,0.0,1780.0,3.0,3.1,3,89
136,Thiago,FWD,4.439831672608852,0.08707035630941373,10.190281520783902,13.22407028377056,6.4791417,5.663417696356773,94,7.0,2.6,1.0,1825.0,3.0,2.6,2,133
515,Gibbs-White,MID,4.384033851325512,1.5283047959208487,9.380354098975658,12.792337260767818,5.655117,5.146683761477471,17,7.3,4.4,1.0,1953.0,4.0,3.9,3,103
430,Haaland,FWD,4.364880284667015,0.012118968367576421,10.115330132842065,15.93452737033367,5.320151,4.938042625188827,43,14.9,4.8,1.0,1875.0,3.0,5.3,5,187
21,Rice,MID,4.3517426691949375,1.4960136137902742,9.348062916845084,13.17263951674104,6.894228,5.877233856618405,3,7.6,2.7,0.0,1812.0,3.0,3.7,4,138
387,Szoboszlai,MID,4.277155578881502,1.421426523476839,9.27347582653165,13.003139237314462,5.1616797,4.807870078384877,14,6.7,5.2,0.0,1780.0,3.0,5.7,0,97
257,Lacroix,DEF,4.114668349921703,1.003119520843029,8.145583514869212,8.3898450281471,,4.114668349921703,31,5.1,3.6,1.0,1674.0,2.0,3.6,3,116
624,Bowen,FWD,4.090069307386875,0.0,9.840519155561925,10.53080302029848,6.0052867,5.239199739098549,21,7.6,6.0,1.0,1844.0,3.0,6.0,5,120
697,Adli,MID,4.06562647819519,1.2098974227905268,9.061946725845338,11.993933789432049,4.9690313,4.607669391632079,91,5.4,6.6,0.0,1746.0,2.0,6.6,10,55
226,Chalobah,DEF,4.009984878078103,0.8984360489994287,8.040900043025612,8.108642298541962,,4.009984878078103,8,5.8,4.4,1.0,1697.0,2.0,4.4,3,124
366,A.Becker,GKP,3.926359570026398,0.611104166507721,7.548003423213958,10.901584684848785,,3.9263595700263982,14,5.4,2.6,0.0,1780.0,3.0,3.1,7,75
317,Andersen,DEF,3.8660977292805905,0.7545489002019163,7.897012894228101,9.333349150419235,,3.8660977292805905,54,4.5,2.6,0.0,1702.0,3.0,2.6,2,89
236,Neto,MID,3.821070285141468,0.9653412297368047,8.817390532791615,9.3435998164583,4.998296,4.527405584454536,8,7.0,2.2,1.0,1697.0,2.0,2.2,1,99
730,Brobbey,FWD,3.795314593613148,0.0,9.545764441788197,11.20115175396204,4.4520574,4.189360254406929,56,5.5,4.2,1.0,1802.0,2.0,4.2,2,61
717,Xavi,MID,3.7438063403591513,0.888077284954488,8.740126588009298,12.697812090627849,4.1350503,3.9785527142137287,6,6.5,3.0,1.0,2060.0,4.0,2.0,1,59
329,Wilson,MID,3.7304769471287726,0.8747478917241094,8.72679719477892,10.8309509254992,6.726085,5.527841890454292,54,6.0,3.6,0.0,1702.0,3.0,3.6,2,120
783,Groß,MID,3.7104906484484674,0.8547615930438042,8.706810896098615,10.98829906838946,4.6971374,4.302478672862053,36,5.5,4.2,0.0,1858.0,3.0,4.2,2,23
487,Barnes,MID,3.6497264437377455,0.7939973883330822,8.646046691387893,11.220526058971881,4.2628083,4.017575571238995,4,6.1,2.2,0.0,1980.0,4.0,1.7,2,76
517,Anderson,MID,3.6491556003689767,0.7934265449643134,8.645475848019124,9.827371927350761,3.9231796,3.813570016026497,17,5.4,5.2,1.0,1953.0,4.0,4.7,5,113
390,Gravenberch,MID,3.6238722659647467,0.7681432105600834,8.620192513614894,11.704425280541182,6.152371,5.140971464216709,14,5.5,3.4,0.0,1780.0,3.0,3.9,5,111
666,Gyökeres,FWD,3.6064271911978723,0.0,9.356877039372922,11.145990523695946,3.847836,3.751272487044335,3,8.8,3.7,0.0,1812.0,3.0,4.7,1,76
613,Souček,MID,3.587842660024762,0.7321136046200989,8.584162907674909,10.052379528433086,4.5622377,4.172479707747698,21,5.7,3.8,1.0,1844.0,3.0,3.8,9,61
580,Johnson,MID,3.5808087676763534,0.7250797122716901,8.5771290153265,9.711578092724086,3.9956732,3.82972741484642,31,6.5,1.6,1.0,1674.0,2.0,1.6,1,45
241,Caicedo,MID,3.5701918572187425,0.7144628018140793,8.56651210486889,9.195282817818224,4.826543,4.324002455472947,8,5.7,3.2,1.0,1697.0,2.0,3.2,1,85
261,Richards,DEF,3.5510398590564725,0.4394910299777983,7.581955024003983,7.680270307064056,,3.5510398590564725,31,4.4,3.6,1.0,1674.0,2.0,3.6,0,93
694,Mukiele,DEF,3.4872980535030367,0.37574922442436254,7.518213218450547,9.018143159151077,,3.4872980535030367,56,4.6,4.4,1.0,1802.0,2.0,4.4,2,114
8,J.Timber,DEF,3.4751100666821007,0.3635612376034265,7.506025231629611,9.286898393929006,,3.4751100666821007,3,6.4,3.2,0.0,1812.0,3.0,4.2,2,123
32,Martinez,GKP,3.468980711698532,0.15372530817985508,7.090624564886092,9.731271567940711,,3.4689807116985323,7,5.0,5.6,1.0,1785.0,2.0,5.6,8,92
712,Yeremy,MID,3.46870953142643,0.6129804760217668,8.465029779076577,9.38898253813386,5.8704734,4.909767843484879,31,5.8,2.6,1.0,1674.0,2.0,2.6,1,61
77,Hill,DEF,3.4108347997069357,0.29928597062826157,7.441749964654446,10.988995861262083,,3.4108347997069357,91,4.0,6.2,0.0,1746.0,2.0,6.2,9,59
1,Raya,GKP,3.3640501692891123,0.04879476577043551,6.985694022476673,8.7742242410779,,3.3640501692891123,3,5.9,3.7,0.0,1812.0,3.0,4.7,2,108
414,Foden,MID,3.3633772468566896,0.5076481914520263,8.359697494506836,9.960809728503229,5.4613924,4.622186340332031,43,8.2,1.6,1.0,1875.0,3.0,2.1,5,108
249,João Pedro,FWD,3.3625516653060914,0.0,9.11300151348114,9.228216594271363,5.755003,4.798022451400756,8,7.7,9.6,1.0,1697.0,2.0,9.6,10,132
50,Buendía,MID,3.3596503987908366,0.5039213433861733,8.355970646440984,9.814524594694376,4.5626216,4.0814331156015395,7,5.3,3.4,1.0,1785.0,2.0,3.4,1,75
708,M.Fernandes,MID,3.350341147184372,0.4946120917797088,8.34666139483452,9.500175087153911,4.3132906,3.9281108164787293,21,5.5,6.4,1.0,1844.0,3.0,6.4,3,95
661,Ekitiké,FWD,3.3355475622415542,0.0,9.085997410416603,9.392387166023255,8.033878,6.154546020746231,14,8.9,4.0,0.0,1780.0,3.0,4.5,2,104
157,Mitoma,MID,3.3279620714485647,0.47223301604390144,8.324282319098712,9.33309155907482,4.187905,3.8439277294278145,36,6.1,2.2,0.0,1858.0,3.0,2.2,3,45
90,Scott,MID,3.3058805651962757,0.45015150979161245,8.302200812846422,10.18604219034314,4.83664,4.22433615475893,91,5.0,5.6,0.0,1746.0,2.0,5.6,4,90
258,Mitchell,DEF,3.301845845580101,0.19029701650142705,7.332761010527611,7.478055766224862,,3.301845845580101,31,5.0,2.0,1.0,1674.0,2.0,2.0,1,94
341,Darlow,GKP,3.2962760901451116,0.0,6.917919943332672,9.518022962808608,,3.2962760901451116,2,3.9,2.6,0.0,1934.0,3.0,2.6,1,23
126,Jensen,MID,3.2749376453459265,0.4192085899412632,8.271257892996074,10.766618598252535,5.004005,4.312378031313419,94,4.9,3.2,1.0,1825.0,3.0,3.2,1,57
516,Hudson-Odoi,MID,3.27401771992445,0.41828866451978675,8.270337967574598,8.855812468007207,5.6130123,4.677414476275445,17,5.7,2.4,1.0,1953.0,4.0,1.9,3,65
20,Trossard,MID,3.2681069396436215,0.41237788423895827,8.26442718729377,9.784634572640062,4.5801454,4.055329991281033,3,6.8,2.3,0.0,1812.0,3.0,3.3,2,94
321,J.Cuenca,DEF,3.2656026454642415,0.15405381638556737,7.296517810411752,7.202897181268782,,3.2656026454642415,54,4.3,2.0,0.0,1702.0,3.0,2.0,0,37
670,Roefs,GKP,3.244643950462341,0.0,6.866287803649902,10.583609962463377,,3.244643950462341,56,4.9,2.4,1.0,1802.0,2.0,2.4,2,107
253,Henderson,GKP,3.24391478151083,0.0,6.86555863469839,8.77917655557394,,3.24391478151083,31,5.0,2.8,1.0,1674.0,2.0,2.8,1,93
469,Pope,GKP,3.2326412081718447,0.0,6.8542850613594055,9.812524309754371,,3.2326412081718447,4,5.1,2.8,0.0,1980.0,4.0,2.3,2,79
421,Rodrigo,MID,3.228738208860159,0.37300915345549557,8.225058456510306,9.633943163603544,2.8661375,3.011177786290646,43,6.3,3.2,1.0,1875.0,3.0,3.7,3,35
417,Cherki,MID,3.210093826428056,0.3543647710233926,8.206414074078204,9.960992941632867,3.7005641,3.5043760181963446,43,6.5,2.8,1.0,1875.0,3.0,3.3,1,90
373,Virgil,DEF,3.2041075117886066,0.0925586827099325,7.235022676736117,11.67652258500457,,3.2041075117886066,14,5.9,6.4,0.0,1780.0,3.0,6.9,17,111
416,Bernardo,MID,3.1868266224861146,0.3310975670814513,8.183146870136262,9.837614616006613,4.603259,4.036686100959778,43,6.2,4.0,1.0,1875.0,3.0,4.5,0,66
350,Aaronson,MID,3.170842829346657,0.3151137739419938,8.167163076996804,9.6767457973212,2.9976237,3.0669113409519198,2,5.4,2.8,0.0,1934.0,3.0,2.8,2,98
450,Cunha,MID,3.147719788551331,0.29199073314666757,8.144040036201478,9.366192579828203,3.2591393,3.2145714950561524,1,8.1,5.4,0.0,1822.0,3.0,5.4,2,93
386,Mac Allister,MID,3.144582162052393,0.2888531066477298,8.14090240970254,9.686757028102875,4.6028924,4.019568304121495,14,6.2,1.6,0.0,1780.0,3.0,2.1,3,52
615,Summerville,MID,3.1424282111227515,0.28669915571808824,8.138748458772898,9.173379412293436,4.4644375,3.935633775293827,21,5.6,7.8,1.0,1844.0,3.0,7.8,3,77
628,José Sá,GKP,3.1338871613144876,0.0,6.755531014502048,9.032427068054677,,3.1338871613144876,39,4.2,3.8,0.0,1793.0,3.0,3.8,12,42
654,Strand Larsen,FWD,3.1285960845649243,0.0,8.879045932739974,9.360132048092783,4.6236587,4.025633628070355,31,6.1,3.4,1.0,1674.0,2.0,3.4,13,53
119,Mbeumo,MID,3.124426132440567,0.26869707703590384,8.120746380090715,9.791472059190275,6.236,4.991370489597321,1,8.6,7.0,0.0,1822.0,3.0,7.0,6,109
633,H.Bueno,DEF,3.124166852235794,0.012618023157120017,7.155082017183304,8.764829920232296,,3.124166852235794,39,4.3,1.8,0.0,1793.0,3.0,1.8,1,54
791,Taty,FWD,3.1225295051932336,0.0,8.872979353368283,8.632046706229449,4.314837,3.837913989424705,21,5.5,3.0,1.0,1844.0,3.0,3.0,2,17
125,Janelt,MID,3.1139926828444007,0.2582636274397374,8.110312930494548,9.765523504465818,4.1559215,3.739149948656559,94,4.9,3.4,1.0,1825.0,3.0,3.4,1,69
531,Ballard,DEF,3.089742640405894,0.0,7.120657805353404,7.99384618010372,,3.089742640405894,56,4.6,4.0,1.0,1802.0,2.0,4.0,4,97
72,Senesi,DEF,3.0854668386280535,0.0,7.116382003575564,10.35157957561314,,3.0854668386280535,91,4.8,3.6,0.0,1746.0,2.0,3.6,2,106
18,Madueke,MID,3.067331053502858,0.2116019980981947,8.063651301153005,8.822415299806744,3.2760093,3.1925380141288042,3,6.8,4.7,0.0,1812.0,3.0,5.7,11,48
330,Berge,MID,3.0628959819674493,0.207166926562786,8.059216229617597,8.535420301929117,2.8047814,2.9080272549390793,54,4.9,1.8,0.0,1702.0,3.0,1.8,2,63
547,E.Le Fée,MID,3.057963193953037,0.2022341385483739,8.054283441603184,9.082356974482536,5.1158304,4.292683530449867,56,4.9,3.8,1.0,1802.0,2.0,3.8,2,90
381,M.Salah,MID,3.041281786412,0.18555273100733682,8.037602034062147,9.407095326036213,7.5708795,5.759040390193462,14,14.0,3.6,0.0,1780.0,3.0,4.1,6,82
691,Calvert-Lewin,FWD,3.0324461929500104,1.0048969261348248,7.065662168711425,8.78381531983614,2.9211466,2.965666455924511,2,5.9,2.6,0.0,1934.0,3.0,2.6,0,102
749,Mané,FWD,3.02061660066247,0.9930673338472844,7.0538325764238845,9.025909713655711,4.3359175,3.8097971239686013,39,4.6,1.7,0.0,1793.0,3.0,1.7,2,44
672,Hato,DEF,3.014239117503166,0.0,7.045154282450676,5.846137831360101,,3.014239117503166,8,4.6,0.6,1.0,1697.0,2.0,0.6,0,8
26,Zubimendi,MID,3.0076324298977855,0.1519033744931222,8.003952677547932,8.912910483777523,4.4957213,3.9004857760667804,3,5.3,4.3,0.0,1812.0,3.0,5.3,2,103
636,S.Bueno,DEF,3.0048953913152223,0.0,7.035810556262732,8.489803897216916,,3.0048953913152223,39,4.4,2.7,0.0,1793.0,3.0,2.7,6,59
310,Barry,FWD,2.9933222563937307,0.9657729895785452,7.026538232155145,8.893857587315143,3.759261,3.452885438278317,11,5.7,4.6,1.0,1878.0,3.0,4.6,2,65
683,Alderete,DEF,2.9756330773234367,0.0,7.006548242270947,8.218592655099929,,2.9756330773234367,56,4.1,2.2,1.0,1802.0,2.0,2.2,2,88
6,Saliba,DEF,2.9738463450223205,0.0,7.00476150996983,7.589900543168187,,2.9738463450223205,3,6.1,3.7,0.0,1812.0,3.0,4.7,0,83
178,Welbeck,FWD,2.971375519782305,0.9438262529671193,7.004591495543719,8.573946107365192,2.9077556,2.933203575909138,36,6.1,1.6,0.0,1858.0,3.0,1.6,2,73
526,Igor Jesus,FWD,2.9662323094904424,0.9386830426752568,6.999448285251857,8.58256009798497,2.5310721,2.7051362076401713,17,5.8,3.0,1.0,1953.0,4.0,2.5,1,59
646,J.Gomes,MID,2.96289352029562,0.10716446489095688,7.9592137679457675,8.870804750919342,3.443095,3.2510143893957135,39,5.3,2.7,0.0,1793.0,3.0,2.7,5,67
731,Kevin,MID,2.9584396310150622,0.10271057561039898,7.954759878665209,8.65838202983141,2.8164601,2.873251931965351,54,5.8,2.0,0.0,1702.0,3.0,2.0,1,42
303,Garner,MID,2.956088897585869,0.10035984218120575,7.952409145236016,9.37867862507701,4.8689194,4.103787182569503,11,5.2,3.2,1.0,1878.0,3.0,3.2,2,111
337,Raúl,FWD,2.9538512513041497,0.9263019844889642,6.987067227065564,8.691891099512578,4.37405,3.8059705847501757,54,6.1,3.2,0.0,1702.0,3.0,3.2,1,83
139,Verbruggen,GKP,2.948309776186943,0.0,6.569953629374503,8.678237437829376,,2.948309776186943,36,4.5,2.2,0.0,1858.0,3.0,2.2,2,79
74,Truffert,DEF,2.9111340299248694,0.0,6.9420491948723795,10.046678082644938,,2.9111340299248694,91,4.5,4.4,0.0,1746.0,2.0,4.4,7,89
67,Petrović,GKP,2.9032619588077067,0.0,6.524905811995267,9.562966775149107,,2.9032619588077067,91,4.5,3.8,0.0,1746.0,2.0,3.8,3,76
270,Hughes,MID,2.8999509274959565,0.044221872091293246,7.896271175146104,8.05992863867432,3.7779698,3.426762273311615,31,4.7,2.2,1.0,1674.0,2.0,2.2,1,37
325,Smith Rowe,MID,2.879619396477938,0.0238903410732747,7.875939644128085,8.476784062013031,2.8516946,2.8628645089268687,54,5.6,2.0,0.0,1702.0,3.0,2.0,1,59
97,Evanilson,FWD,2.878772994875908,0.8512237280607224,6.9119889706373225,9.193035471439362,3.327796,3.148186787366867,91,7.0,3.0,0.0,1746.0,2.0,3.0,1,77
457,Casemiro,MID,2.862003805488348,0.0062747500836848324,7.858324053138496,8.923872654139995,4.837204,4.047123909890652,1,5.6,4.6,0.0,1822.0,3.0,4.6,2,110
311,Beto,FWD,2.838593394868076,0.8110441280528904,6.8718093706294905,8.532193052768708,2.1920612,2.450674069449305,11,5.0,2.0,1.0,1878.0,3.0,2.0,0,46
328,Sessegnon,MID,2.829786565899849,0.0,7.8261068135499965,8.322333340719343,3.7125106,3.3594209778308866,54,5.4,2.8,0.0,1702.0,3.0,2.8,4,71
299,Ndiaye,MID,2.8284274967014786,0.0,7.824747744351626,9.442067703455685,5.3470526,4.3396025431752205,11,6.2,3.0,1.0,1878.0,3.0,3.0,9,88
64,Watkins,FWD,2.801892520785332,0.7743432539701463,6.835108496546747,8.387084455937146,4.565289,3.8599304206371308,7,8.6,2.8,1.0,1785.0,2.0,2.8,2,95
736,Donnarumma,GKP,2.797433915734291,0.8849715381860732,7.135250106453895,9.170881028473378,,2.797433915734291,43,5.6,4.4,1.0,1875.0,3.0,4.9,7,91
19,Martinelli,MID,2.7968824815750124,0.0,7.793202729225159,8.181350258439778,3.137426,3.001208532333374,3,6.8,1.7,0.0,1812.0,3.0,2.7,1,38
720,Tolu,FWD,2.781231249123812,0.7536819823086263,6.814447224885226,8.383690706640483,2.7482958,2.761469970047474,39,5.4,2.5,0.0,1793.0,3.0,2.5,2,47
505,Milenković,DEF,2.7779284071177246,0.0,6.808843572065235,7.267334653809668,,2.7779284071177246,17,5.1,4.8,1.0,1953.0,4.0,4.3,6,76
596,Solanke,FWD,2.7598729687929153,0.7323237019777298,6.793088944554331,9.060810779929161,4.792838,3.9796520454883577,6,7.2,3.8,1.0,2060.0,4.0,2.8,2,21
354,Ampadu,MID,2.747151938080788,0.0,7.743472185730935,8.83993944823742,3.4379563,3.1616345751285557,2,4.9,3.4,0.0,1934.0,3.0,3.4,2,78
200,Anthony,MID,2.743861222267151,0.0,7.740181469917298,8.716214117035271,4.1200776,3.5695910549163816,90,5.0,3.0,0.0,1925.0,3.0,3.0,8,84
584,Tel,MID,2.735194370523095,0.0,7.731514618173243,10.165426237881183,2.4557047,2.5675005616247653,6,6.2,1.2,1.0,2060.0,4.0,0.2,1,48
38,Konsa,DEF,2.7348619051277634,0.0,6.7657770700752735,7.480915600806474,,2.7348619051277634,7,4.4,3.6,1.0,1785.0,2.0,3.6,6,80
5,Gabriel,DEF,2.7283516690135,0.0,6.759266833961011,7.057236741483212,,2.7283516690135,3,7.1,4.3,0.0,1812.0,3.0,5.3,3,138
17,Ødegaard,MID,2.719674140512943,0.0,7.71599438816309,7.665975731909276,3.2077594,3.0125252844095227,3,7.8,1.7,0.0,1812.0,3.0,2.7,1,58
88,Cook,MID,2.7125086180865767,0.0,7.708828865736724,8.250136926025153,2.6174393,2.6554670092463493,91,4.9,3.2,0.0,1746.0,2.0,3.2,1,38
698,Okafor,MID,2.6956446804106236,0.0,7.691964928060771,9.001676689926535,3.9881797,3.471165682375431,2,5.5,3.6,0.0,1934.0,3.0,3.6,6,67
452,Amad,MID,2.692078183889389,0.0,7.688398431539536,8.07683558911085,3.9885154,3.4699404997825622,1,6.2,2.2,0.0,1822.0,3.0,2.2,2,67
135,Wissa,FWD,2.690015446767211,0.6624661799520255,6.723231422528626,8.615364345908166,0.8433596,1.5820219324529172,4,7.3,1.2,0.0,1980.0,4.0,0.7,0,18
733,Lammens,GKP,2.665962384641171,0.7535000070929532,7.003778575360775,8.562264528870582,,2.665962384641171,1,5.0,3.6,0.0,1822.0,3.0,3.6,2,59
31,G.Jesus,FWD,2.658125987648964,0.6305767208337785,6.691341963410379,8.392527022585273,0.8650757,1.5822958195209504,3,6.4,1.3,0.0,1812.0,3.0,2.3,0,17
508,N.Williams,DEF,2.6547640755772592,0.0,6.685679240524769,6.443142197728156,,2.6547640755772592,17,4.7,4.0,1.0,1953.0,4.0,3.5,8,79
100,Kroupi.Jr,FWD,2.6431680232286454,0.6156187564134599,6.67638399899006,8.015899515897036,2.6387966,2.6405451500415804,91,4.7,2.6,0.0,1746.0,2.0,2.6,1,67
44,Bogarde,DEF,2.6379245802760125,0.0,6.668839745223522,6.70198016576469,,2.6379245802760125,7,4.0,2.2,1.0,1785.0,2.0,2.2,7,32
548,Mundle,MID,2.6116567470133307,0.0,7.607976994663478,7.166501490585507,2.0124068,2.252106794416904,56,4.9,1.2,1.0,1802.0,2.0,1.2,1,13
129,Yarmoliuk,MID,2.6090028438717128,0.0,7.605323091521861,8.248333790525795,2.6954198,2.6608530105650425,94,5.0,1.8,1.0,1825.0,3.0,1.8,2,74
305,Armstrong,MID,2.591681117750704,0.0,7.588001365400851,8.237067897245288,3.6291032,3.214134357348084,11,4.5,1.8,1.0,1878.0,3.0,1.8,1,15
388,C.Jones,MID,2.588624795079231,0.0,7.5849450427293785,8.43348485827446,3.5022597,3.136805756807327,14,5.4,1.8,0.0,1780.0,3.0,2.3,1,43
158,Georginio,MID,2.579041574150324,0.0,7.575361821800471,7.887375458609313,1.9162908,2.1813910856842993,36,5.6,1.0,0.0,1858.0,3.0,1.0,0,65
272,Lerma,MID,2.5777602374553683,0.0,7.574080485105515,7.059798694550992,4.9280396,3.987927825450897,31,4.9,3.6,1.0,1674.0,2.0,3.6,1,51
348,Rodon,DEF,2.5775383681058885,0.0,6.608453533053399,8.332415982801468,,2.5775383681058885,2,3.9,3.8,0.0,1934.0,3.0,3.8,3,77
713,A.Jimenez,DEF,2.573001816868782,0.0,6.603916981816292,8.393940561637281,,2.573001816868782,91,4.5,3.2,0.0,1746.0,2.0,3.2,1,47
680,Broja,FWD,2.569375740736723,0.5418264739215375,6.602591716498138,7.9740254443138845,1.5394361,1.9514119574427604,90,5.2,1.2,0.0,1925.0,3.0,1.2,0,38
319,Castagne,DEF,2.554621302336454,0.0,6.585536467283964,6.865177295356988,,2.554621302336454,54,4.3,1.6,0.0,1702.0,3.0,1.6,0,28
83,O.Dango,MID,2.550816930383444,0.0,7.547137178033591,7.743713384717703,4.033921,3.440679231107235,94,5.8,4.6,1.0,1825.0,3.0,4.6,1,87
681,Šeško,FWD,2.545472787618637,0.5179235208034516,6.578688763380052,7.333671170249582,6.15528,4.711357182979584,1,7.2,3.2,0.0,1822.0,3.0,3.2,8,71
146,Dunk,DEF,2.544694862887263,0.0,6.575610027834774,6.9171143367886545,,2.544694862887263,36,4.5,3.0,0.0,1858.0,3.0,3.0,2,63
634,Mosquera,DEF,2.5205153234303,0.0,6.55143048837781,7.024884964525699,,2.5205153234303,39,4.3,2.5,0.0,1793.0,3.0,2.5,6,33
250,Delap,FWD,2.5200386200100184,0.4924893531948329,6.553254595771433,7.656612637639046,1.5547302,1.9408535541594027,8,6.2,2.4,1.0,1697.0,2.0,2.4,1,33
181,Kostoulas,FWD,2.51247797191143,0.48492870509624453,6.545693947672845,7.8152383567392825,2.2771316,2.371270123243332,36,4.8,2.4,0.0,1858.0,3.0,2.4,1,30
491,Tonali,MID,2.510080248862505,0.0,7.5064004965126525,8.038158890977503,2.9390173,2.7674424770474433,4,5.3,2.2,0.0,1980.0,4.0,1.7,1,61
693,Hutchinson,MID,2.5040023344755173,0.0,7.500322582125665,6.6789139801263815,3.309739,2.987444401502609,17,5.4,1.8,1.0,1953.0,4.0,1.3,3,56
485,Gordon,MID,2.5027701047807933,0.0,7.49909035243094,8.783125594183803,6.1029534,4.662880102306604,4,7.2,3.2,0.0,1980.0,4.0,2.7,5,66
266,Eze,MID,2.485274298954755,0.0,7.481594546604903,7.345254047121852,1.8389192,2.0974612172320484,3,7.2,0.7,0.0,1812.0,3.0,1.7,1,71
411,O'Reilly,DEF,2.479825244098902,0.0,6.510740409046412,7.185740569978952,,2.479825244098902,43,4.9,4.2,1.0,1875.0,3.0,4.7,13,100
507,Aina,DEF,2.4772849440574642,0.0,6.508200109004974,6.249419566988945,,2.4772849440574642,17,4.7,5.2,1.0,1953.0,4.0,4.7,7,35
121,Damsgaard,MID,2.4716216430068014,0.0,7.467941890656949,7.63741659373045,3.268393,2.9496844810247422,94,5.6,1.4,1.0,1825.0,3.0,1.4,1,63
101,Kelleher,GKP,2.464372923970223,0.5519105464220053,6.802189114689827,9.89477006793022,,2.464372923970223,94,4.6,3.0,1.0,1825.0,3.0,3.0,2,96
273,Wharton,MID,2.4621303975582123,0.0,7.45845064520836,6.661345275640487,5.258997,4.140250337123871,31,5.0,2.0,1.0,1674.0,2.0,2.0,7,76
676,Ugochukwu,MID,2.4535012854263187,0.0,7.4498215330764666,7.712725489959121,4.0520096,3.412606263682246,90,5.0,3.2,0.0,1925.0,3.0,3.2,7,77
230,Fofana,DEF,2.4524502012133595,0.0,6.48336536616087,4.815216022729873,,2.4524502012133595,8,4.4,1.6,1.0,1697.0,2.0,1.6,1,49
519,Dominguez,MID,2.430366360023618,0.0,7.426686607673766,7.020704528223724,2.0414777,2.1970331521332263,17,5.0,1.6,1.0,1953.0,4.0,1.1,0,33
470,Dúbravka,GKP,2.4200149945914746,0.5075526170432569,6.757831185311078,6.854520773887635,,2.4200149945914746,90,4.0,2.6,0.0,1925.0,3.0,2.6,1,76
714,Woltemade,FWD,2.4175706379115582,0.3900213710963727,6.450786613672973,7.210548152867705,1.8242811,2.0615969130396845,4,6.9,1.2,0.0,1980.0,4.0,0.7,1,84
316,Robinson,DEF,2.4101587510108953,0.0,6.441073915958405,6.150616464614869,,2.4101587510108953,54,4.9,0.8,0.0,1702.0,3.0,0.8,0,33
456,Sancho,MID,2.406497414112091,0.0,7.4028176617622385,6.9607790924608715,4.544633,3.6893787126541135,7,5.8,1.8,1.0,1785.0,2.0,1.8,1,23
552,Sadiki,MID,2.3986500310897827,0.0,7.39497027873993,6.9641594451665885,3.2071724,2.88376344871521,56,4.9,3.0,1.0,1802.0,2.0,3.0,2,52
458,Mainoo,MID,2.3963403183966876,0.0,7.392660566046835,7.342713656648993,2.7221017,2.591797140389681,1,4.6,4.0,0.0,1822.0,3.0,4.0,2,32
206,Edwards,MID,2.3958463661372664,0.0,7.392166613787413,7.528308875113726,3.8558607,3.271854972541332,90,4.7,4.0,0.0,1925.0,3.0,4.0,5,41
148,F.Kadıoğlu,DEF,2.373324102163315,0.0,6.404239267110825,6.260315963998437,,2.373324102163315,36,4.4,1.8,0.0,1858.0,3.0,1.8,2,65
217,Foster,FWD,2.366228884458542,0.3386796176433564,6.3994448602199565,7.155169733520598,1.3983269,1.785487678050995,90,4.9,2.0,0.0,1925.0,3.0,2.0,1,46
120,Schade,MID,2.3611549216508863,0.0,7.357475169301034,7.295548632740974,3.376909,2.970607379198074,94,6.9,0.2,1.0,1825.0,3.0,0.2,0,86
532,Hume,DEF,2.3584541052579877,0.0,6.389369270205497,6.526278098113836,,2.3584541052579877,56,4.5,1.8,1.0,1802.0,2.0,1.8,2,74
224,Cucurella,DEF,2.344239625521004,0.0,6.375154790468514,5.1489635548554356,,2.344239625521004,8,6.1,4.2,1.0,1697.0,2.0,3.2,1,90
722,Florentino,MID,2.3259881688281894,0.0,7.322308416478337,7.218349308054894,3.2771864,2.8967071037739514,90,5.0,2.8,0.0,1925.0,3.0,2.8,1,64
671,Wilson,FWD,2.3185121196508405,0.29096285283565493,6.3517280954122555,6.730020424127579,1.6200918,1.8994599254131317,21,5.8,2.0,1.0,1844.0,3.0,2.0,1,62
606,Mavropanos,DEF,2.3148402886465194,0.0,6.3457554535940295,7.6764811312779795,,2.3148402886465194,21,4.4,3.8,1.0,1844.0,3.0,3.8,2,53
726,Kolo Muani,FWD,2.309774804413319,0.2822255375981335,6.342990780174734,6.888303054273129,3.7844455,3.1945772362947467,6,6.9,1.2,1.0,2060.0,4.0,0.2,1,28
807,Rayan,MID,2.301105013862252,0.0,7.2974252615124,6.582568980256716,7.2166343,5.250422569662333,91,5.5,6.3,0.0,1746.0,2.0,6.3,6,19
521,Sangaré,MID,2.2869639372825623,0.0,7.283284184932709,6.394596537649631,3.1065974,2.7787440290451046,17,4.9,2.8,1.0,1953.0,4.0,2.3,3,61
267,Sarr,MID,2.283933761715889,0.0,7.280254009366036,6.152439231052995,5.8021812,4.394882251024246,31,6.4,3.8,1.0,1674.0,2.0,3.8,2,71
169,Gomez,MID,2.282876940369606,0.0,7.2791971880197535,6.458958864994346,3.5495462,3.0428785212039946,36,4.9,1.4,0.0,1858.0,3.0,1.4,3,59
39,Maatsen,DEF,2.275464845076203,0.0,6.306380010023713,7.235458836331963,,2.275464845076203,7,4.2,3.6,1.0,1785.0,2.0,3.6,8,36
437,Martinez,DEF,2.260322944819927,0.0,6.291238109767438,7.866831997781992,,2.260322944819927,1,4.8,3.4,0.0,1822.0,3.0,3.4,2,39
228,Gusto,DEF,2.2586525052785875,0.0,6.289567670226098,4.624219469428062,,2.2586525052785875,8,4.9,0.8,1.0,1697.0,2.0,0.8,0,77
808,Abraham,FWD,2.258165808022022,0.2306165412068366,6.291381783783438,6.861692979435126,1.8360449,2.00489326775074,7,6.0,1.3,1.0,1785.0,2.0,1.3,1,4
591,Gray,MID,2.2576193576678634,0.0,7.253939605318011,7.856284047849478,1.9807235,2.091481843218207,6,4.8,3.0,1.0,2060.0,4.0,2.0,10,42
36,Cash,DEF,2.253094854578376,0.0,6.284010019525886,7.105471862666309,,2.253094854578376,7,4.9,2.4,1.0,1785.0,2.0,1.8,0,99
98,Enes Ünal,FWD,2.247245465517044,0.21969619870185841,6.280461441278459,6.5598686778545385,1.8809906,2.027492560863495,91,5.4,0.8,0.0,1746.0,2.0,0.8,1,17
635,R.Gomes,DEF,2.2382174602150915,0.0,6.269132625162602,6.398552780747415,,2.2382174602150915,39,4.4,1.0,0.0,1793.0,3.0,1.0,1,19
49,Bailey,MID,2.238103142380714,0.0,7.234423390030861,6.420592139661312,3.9415083,3.260146232843399,7,5.5,0.8,1.0,1785.0,2.0,0.8,1,4
356,Gruev,MID,2.233093871921301,0.0,7.229414119571448,7.061264524329454,3.4442973,2.959815936982632,2,4.7,3.8,0.0,1934.0,3.0,3.8,2,47
107,Lewis-Potter,DEF,2.22856737151742,0.0,6.25948253646493,11.191283179447055,,2.22856737151742,94,4.8,2.4,1.0,1825.0,3.0,2.4,8,77
440,Dalot,DEF,2.223315241187811,0.0,6.254230406135321,7.346284782141447,,2.223315241187811,1,4.5,4.2,0.0,1822.0,3.0,4.2,1,86
427,Reijnders,MID,2.2010603266954423,0.0,7.19738057434559,6.9360409832000745,3.4026284,2.922001183748245,43,5.1,1.2,1.0,1875.0,3.0,1.7,1,84
342,Bogle,DEF,2.191901679635048,0.0,6.2228168445825585,7.235447635352611,,2.191901679635048,2,4.4,4.0,0.0,1934.0,3.0,4.0,4,65
600,Areola,GKP,2.1899446019530293,0.27748222440481163,6.527760792672633,7.028077923953533,,2.1899446019530293,21,4.3,1.4,1.0,1844.0,3.0,1.4,0,51
610,Wan-Bissaka,DEF,2.178338965773582,0.0,6.209254130721092,6.734885204434394,,2.178338965773582,21,4.1,4.6,1.0,1844.0,3.0,4.6,2,48
287,Pickford,GKP,2.176935084909201,0.26447270736098316,6.514751275628805,8.565698523074389,,2.176935084909201,11,5.6,3.6,1.0,1878.0,3.0,3.6,1,108
565,Vicario,GKP,2.1762073270976545,0.26374494954943684,6.514023517817258,9.091082345694304,,2.1762073270976545,6,4.8,1.6,1.0,2060.0,4.0,0.6,2,83
706,Justin,DEF,2.171994143724442,0.0,6.202909308671952,6.85024128779769,,2.171994143724442,2,3.9,5.0,0.0,1934.0,3.0,5.0,0,43
209,Laurent,MID,2.1601510788314044,0.6496582771651447,3.8356583858840168,6.697311421856284,3.0445395,2.6907841024920343,90,4.8,0.8,0.0,1925.0,3.0,0.8,2,45
684,Thiaw,DEF,2.1589574679732326,0.0,6.189872632920743,7.062437969073654,,2.1589574679732326,4,5.0,4.4,0.0,1980.0,4.0,3.9,11,97
256,Muñoz,DEF,2.136155294179916,0.0,6.167070459127427,5.289322512745856,,2.136155294179916,31,5.9,1.8,1.0,1674.0,2.0,1.8,1,98
246,Andrey Santos,MID,2.1324851453304294,0.6219923436641697,3.8079924523830417,5.719098078124226,3.1409564,2.7375678992271424,8,4.5,1.6,1.0,1697.0,2.0,1.6,2,26
796,Gallagher,MID,2.120429228246212,0.6099364265799521,3.795936535298824,7.365126612186431,4.270889,3.4107049745321274,6,5.4,3.0,1.0,2060.0,4.0,2.0,2,15
160,Minteh,MID,2.1155338633060454,0.6050410616397857,3.7910411703586577,6.397420556694269,2.1548452,2.1391206879615785,36,5.6,1.0,0.0,1858.0,3.0,1.0,1,84
151,Van Hecke,DEF,2.100350548028946,0.0,6.131265712976456,5.475494510233402,,2.100350548028946,36,4.4,2.8,0.0,1858.0,3.0,2.8,5,92
16,Saka,MID,2.0910937097668647,0.5806009081006049,3.766601016819477,6.089915468171239,3.1598744,2.7323621474504467,3,9.8,0.7,0.0,1812.0,3.0,1.7,1,102
473,Hall,DEF,2.0796200178563597,0.0,6.11053518280387,7.10586932450533,,2.0796200178563597,4,5.3,2.8,0.0,1980.0,4.0,2.3,1,56
406,Khusanov,DEF,2.0686679165810347,0.0,6.099583081528545,7.1859338216483595,,2.0686679165810347,43,5.4,3.2,1.0,1875.0,3.0,3.7,1,31
87,Christie,MID,2.0673440343141554,0.5568512326478956,3.7428513413667677,6.265161681622265,2.648697,2.4161557533741,91,4.9,1.2,0.0,1746.0,2.0,1.2,2,24
443,Shaw,DEF,2.036538738198579,0.0,6.067453903146089,6.918891649879517,,2.036538738198579,1,4.5,3.0,0.0,1822.0,3.0,3.0,2,62
225,James,DEF,1.9906495591253046,0.0,6.021564724072815,3.771826212108136,,1.9906495591253046,8,5.6,2.8,1.0,1697.0,2.0,2.1,0,97
37,Digne,DEF,1.9865864777565005,0.0,6.01750164270401,5.523959748148918,,1.9865864777565005,7,4.5,1.6,1.0,1785.0,2.0,1.6,0,72
486,Elanga,MID,1.9602501104772092,0.44975730881094944,3.6357574175298213,6.91480853959918,3.8278403,3.0808042411208154,4,6.5,1.4,0.0,1980.0,4.0,0.9,2,34
709,Krejčí,DEF,1.9548783844709399,0.3317276543378833,6.0534026688337335,5.798308130502701,,1.9548783844709399,39,4.5,2.7,0.0,1793.0,3.0,2.7,8,55
374,Konaté,DEF,1.9484688630700113,0.3253181329369548,6.046993147432804,7.580325077772141,,1.9484688630700113,14,5.4,4.0,0.0,1780.0,3.0,4.5,6,99
324,Iwobi,MID,1.9480063793063165,0.4375135776400567,3.623513686358929,5.836716208532453,3.4198046,2.8310852955579757,54,6.3,2.0,0.0,1702.0,3.0,2.0,2,66
727,Chukwueze,MID,1.9378180499374866,0.42732524827122687,3.613325356990099,5.766722072102129,3.6173604,2.945543432056904,54,5.3,2.4,0.0,1702.0,3.0,2.4,1,47
587,Bissouma,MID,1.9185037355497478,0.4080109338834881,3.59401104260236,6.259733921326697,2.6232975,2.3413799659758805,6,5.2,1.6,1.0,2060.0,4.0,0.6,1,8
291,Tarkowski,DEF,1.917339084297419,0.2941883541643624,6.015863368660212,8.752695681527257,,1.917339084297419,11,5.7,3.4,1.0,1878.0,3.0,3.4,1,117
110,Kayode,DEF,1.9105029121041301,0.2873521819710736,6.009027196466923,7.395020435005428,,1.9105029121041301,94,4.5,2.0,1.0,1825.0,3.0,2.0,2,73
124,Henderson,MID,1.8988267448544502,0.3883339431881905,3.5743340519070625,5.840742701292038,2.7178597,2.390246544957161,94,5.0,0.8,1.0,1825.0,3.0,0.8,1,62
785,Pablo,FWD,1.8917907292954623,0.0,5.9250067050568775,5.364108405914157,0.50070596,1.057139866165817,21,5.5,1.4,1.0,1844.0,3.0,1.0,0,8
260,Guéhi,DEF,1.8884829014539717,0.26533217132091513,5.987007185816765,6.24219045162201,,1.8884829014539717,43,5.2,3.8,1.0,1875.0,3.0,4.3,7,124
544,Diarra,MID,1.884022753983736,0.3735299523174762,3.559530061036348,5.382447001934051,3.4027398,2.795252959549427,56,5.3,3.4,1.0,1802.0,2.0,3.4,2,30
488,Bruno G.,MID,1.881744746379554,0.37125194471329426,3.5572520534321663,5.699135675802827,5.3799586,3.980673076316714,4,7.0,3.4,0.0,1980.0,4.0,2.2,3,134
407,Matheus N.,DEF,1.85441122174263,0.23126049160957352,5.952935506105423,5.965316125154495,,1.85441122174263,43,5.4,4.2,1.0,1875.0,3.0,4.7,4,115
167,Baleba,MID,1.8469470903277396,0.33645428866147986,3.522454397380352,5.452597362585365,2.7782001,2.4056989258527754,36,4.5,2.2,0.0,1858.0,3.0,2.2,0,36
695,Tchatchoua,DEF,1.8304600422084332,0.20730931207537662,5.928984326571227,4.985993173867463,,1.8304600422084332,39,4.4,1.0,0.0,1793.0,3.0,1.0,0,36
52,J.Ramsey,MID,1.8265057322382927,0.31601293057203295,3.502013039290905,6.229515191167593,2.527679,2.247209672808647,4,5.3,2.0,0.0,1980.0,4.0,1.5,7,24
242,Dewsbury-Hall,MID,1.8168584127724168,0.306365611106157,3.4923657198250293,5.598488559164107,4.083602,3.176904536068439,11,4.9,3.6,1.0,1878.0,3.0,3.6,2,93
347,Gudmundsson,DEF,1.8165161955356597,0.19336546540260313,5.915040479898453,6.595412382781506,,1.8165161955356597,2,3.8,1.4,0.0,1934.0,3.0,1.4,0,56
207,Hannibal,MID,1.7978174699470402,0.2873246682807804,3.4733247769996525,5.516568313352764,2.137958,2.001901817843318,90,4.7,2.8,0.0,1925.0,3.0,2.8,10,36
413,Marmoush,MID,1.7919316036999224,0.28143880203366267,3.4674389107525347,5.391555990949273,2.7635736,2.374916829407215,43,8.3,2.8,1.0,1875.0,3.0,3.3,1,30
511,Morato,DEF,1.756076289713383,0.13292555958032648,5.854600574076176,4.578432255461813,,1.756076289713383,17,4.3,2.6,1.0,1953.0,4.0,2.1,8,34
106,Collins,DEF,1.7478897966444495,0.124739066511393,5.846414081007243,7.099455251544714,,1.7478897966444495,94,5.0,0.6,1.0,1825.0,3.0,0.6,0,92
725,Hincapie,DEF,1.7360941703617572,0.11294344022870062,5.83461845472455,5.016159810870885,,1.7360941703617572,3,5.1,2.3,0.0,1812.0,3.0,3.3,7,49
459,Ugarte,MID,1.713904890269041,0.20341208860278126,3.3894121973216533,5.253506201580167,1.3908588,1.5200772177577018,1,4.7,0.6,0.0,1822.0,3.0,0.6,0,31
669,Ndoye,MID,1.683418419957161,0.17292561829090114,3.3589257270097734,4.6922844001650805,2.193213,1.9892951595783235,17,5.5,0.8,1.0,1953.0,4.0,0.3,1,45
371,Kerkez,DEF,1.6804232973605395,0.05727256722748297,5.778947581723333,5.977067574486137,,1.6804232973605395,14,5.6,1.4,0.0,1780.0,3.0,1.9,0,59
453,Garnacho,MID,1.6720782977342603,0.16158549606800054,3.3475856047868726,4.415250362330116,1.9620231,1.8460452024936673,8,6.4,0.6,1.0,1697.0,2.0,0.6,0,42
193,Humphreys,DEF,1.6602747410535814,0.037124010920524864,5.758799025416375,5.461013426445425,,1.6602747410535814,90,3.9,2.4,0.0,1925.0,3.0,2.4,4,30
41,Pau,DEF,1.6543722787499429,0.031221548616886308,5.752896563112736,4.780840339511633,,1.6543722787499429,7,4.3,2.0,1.0,1785.0,2.0,2.0,0,49
302,Gana,MID,1.6526313310861587,0.1421385294198989,3.328138638138771,5.176060707271098,4.1024494,3.122522182703018,11,5.4,2.2,1.0,1878.0,3.0,2.2,2,55
108,Ajer,DEF,1.6494209710508585,0.026270240917801946,5.747945255413652,6.616051188856363,,1.6494209710508585,94,4.4,3.2,1.0,1825.0,3.0,3.2,4,62
553,Talbi,MID,1.6428752414882182,0.1323824398219584,3.3183825485408303,4.800787787139416,2.79745,2.335620135962963,56,4.9,2.4,1.0,1802.0,2.0,2.4,1,63
541,Reinildo,DEF,1.6412110835313796,0.018060353398323015,5.7397353678941725,4.745353387147188,,1.6412110835313796,56,3.8,2.8,1.0,1802.0,2.0,2.8,1,51
608,Scarles,DEF,1.626630189828575,0.0034794596955185497,5.725154474191369,5.166678526159376,,1.626630189828575,21,4.3,1.8,1.0,1844.0,3.0,1.8,1,21
494,Willock,MID,1.6238689566403628,0.11337615497410303,3.299376263692975,5.5255333174020045,2.9859495,2.4411172924339772,4,5.0,1.2,0.0,1980.0,4.0,0.7,2,20
187,Walker,DEF,1.6120021507143973,0.0,5.71052643507719,4.891689236834646,,1.6120021507143973,90,4.4,1.6,0.0,1925.0,3.0,1.6,1,51
170,Milner,MID,1.6119789747521278,0.10148617308586805,3.28748628180474,5.085457415236159,2.3261614,2.040488420650363,36,4.9,0.8,0.0,1858.0,3.0,0.8,2,24
673,J.Palhinha,MID,1.6063433413021264,0.09585053963586665,3.2818506483547387,5.609197334032505,3.2324162,2.5819870282933115,6,5.5,1.2,1.0,2060.0,4.0,0.2,1,84
73,Smith,DEF,1.6041082683205605,0.0,5.702632552683354,5.804922832995653,,1.6041082683205605,91,4.4,1.8,0.0,1746.0,2.0,1.8,1,29
442,Maguire,DEF,1.5792955242842435,0.0,5.677819808647037,5.808940403386949,,1.5792955242842435,1,4.3,3.8,0.0,1822.0,3.0,3.8,2,52
300,McNeil,MID,1.5545835322514177,0.04409073058515789,3.23009083930403,4.919911547228693,2.1985817,1.9409824302345515,11,5.5,1.2,1.0,1878.0,3.0,1.2,0,29
292,Mykolenko,DEF,1.5438823062181473,0.0,5.64240659058094,6.535889155268668,,1.5438823062181473,11,4.9,2.2,1.0,1878.0,3.0,2.2,1,67
163,Hinshelwood,MID,1.5316109984368085,0.021118196770548714,3.207118305489421,4.438586318548769,2.6894588,2.2263197076022623,36,5.1,0.6,0.0,1858.0,3.0,0.6,0,37
475,Botman,DEF,1.4972819789499046,0.0,5.5958062633126975,4.8838655709475285,,1.4972819789499046,4,4.9,3.4,0.0,1980.0,4.0,2.9,2,53
643,André,MID,1.495825721025467,0.0,3.171333028078079,4.461294966638088,1.3442963,1.4049080901145936,39,5.3,1.0,0.0,1793.0,3.0,0.8,0,53
109,Henry,DEF,1.4664523702114822,0.0,5.564976654574275,6.40700508877635,,1.4664523702114822,94,4.3,2.4,1.0,1825.0,3.0,2.4,2,46
116,Hickey,DEF,1.450212390422821,0.0,5.548736674785614,5.879735295996069,,1.450212390422821,94,4.0,0.8,1.0,1825.0,3.0,0.8,1,32
493,Longstaff,MID,1.4308853854984045,0.0,3.106392692551017,4.40005104906857,1.6846142,1.5831226631104944,2,4.8,0.6,0.0,1934.0,3.0,0.6,0,43
345,Bornauw,DEF,1.4278509663045404,0.0,5.526375250667334,5.50394106566906,,1.4278509663045404,2,3.8,1.2,0.0,1934.0,3.0,1.2,0,17
623,Potts,MID,1.422164166010916,0.0,3.0976714730635284,4.2021460803598165,2.9910274,2.3634820795208213,21,4.4,1.0,1.0,1844.0,3.0,1.0,3,34
560,Isidor,FWD,1.4055077245831487,0.0,5.438723700344564,4.172610557936132,1.1273069,1.2385872527360915,56,5.1,0.8,1.0,1802.0,2.0,0.8,1,54
603,Diouf,DEF,1.4002125962823626,0.0,5.498736880645156,4.401485643982887,,1.4002125962823626,21,4.0,3.4,1.0,1844.0,3.0,3.4,6,61
385,Chiesa,MID,1.382445175834,0.0,3.0579524828866123,4.134731318391859,1.0979443,1.2117446261197329,14,6.3,0.8,0.0,1780.0,3.0,1.3,1,31
561,Mayenda,FWD,1.37467567384243,0.0,5.407891649603845,4.193271947018801,0.6333447,0.9298770954608917,56,5.2,0.6,1.0,1802.0,2.0,0.6,0,26
535,Cirkin,DEF,1.370497466996312,0.0,5.469021751359105,2.9264804472215467,,1.370497466996312,56,4.0,0.4,1.0,1802.0,2.0,0.4,0,13
195,Lucas Pires,DEF,1.3676708333194254,0.0,5.4661951176822186,4.430883719399572,,1.3676708333194254,90,3.8,1.4,0.0,1925.0,3.0,1.4,0,16
304,Iroegbunam,MID,1.3635642273724078,0.0,3.03907153442502,4.218780646026135,1.4643936,1.4240618603825568,11,4.8,0.2,1.0,1878.0,3.0,0.2,0,50
609,Todibo,DEF,1.3531199793517588,0.0,5.451644263714552,4.186134112253785,,1.3531199793517588,21,4.3,1.2,1.0,1844.0,3.0,1.2,0,31
358,Tanaka,MID,1.3433983341604472,0.0,3.0189056412130597,4.150991874597967,1.2096839,1.263169670730829,2,4.8,0.4,0.0,1934.0,3.0,0.4,0,43
326,Adama,MID,1.3401852734573185,0.0,3.015692580509931,3.908871914651245,1.555605,1.469437141723931,21,5.1,0.4,1.0,1844.0,3.0,0.4,1,19
145,De Cuyper,DEF,1.334601976200938,0.0,5.433126260563731,3.559921450838446,,1.334601976200938,36,4.3,1.8,0.0,1858.0,3.0,1.8,0,58
229,B.Badiashile,DEF,1.3248261067271232,0.0,5.423350391089916,2.353265755102038,,1.3248261067271232,8,4.4,0.8,1.0,1697.0,2.0,0.8,0,7
351,Gnonto,MID,1.322517098262906,0.0,2.998024405315518,4.116534233624115,1.7125823,1.5565562491714955,2,5.2,0.4,0.0,1934.0,3.0,0.4,0,21
699,Douglas Luiz,MID,1.310152839422226,0.0,2.9856601464748382,3.6570595244318245,3.436357,2.5858753485679626,7,4.9,1.4,1.0,1785.0,2.0,1.4,3,18
478,Trippier,DEF,1.2803667193651196,0.0,5.3788910037279125,4.796030605435371,,1.2803667193651196,4,4.9,2.2,0.0,1980.0,4.0,1.7,2,41
489,J.Murphy,MID,1.2800683334469793,0.0,2.9555756404995916,4.058389065563678,2.1546192,1.8047988635301588,4,5.9,0.4,0.0,1980.0,4.0,-0.1,1,53
210,Tchaouna,MID,1.2644849935546516,0.0,2.9399923006072637,3.972689171880483,1.679401,1.5134346214681864,90,4.9,0.6,0.0,1925.0,3.0,0.6,0,35
365,Nmecha,FWD,1.2547289201617242,0.0,5.28794489592314,3.7900988948345185,4.6343017,3.2824725655317306,2,5.0,3.6,0.0,1934.0,3.0,3.6,11,60
233,Acheampong,DEF,1.2452863948792219,0.0,5.343810679242015,2.6227004885114726,,1.2452863948792219,8,3.7,0.4,1.0,1697.0,2.0,0.4,0,32
113,Van den Berg,DEF,1.2380672825127839,0.0,5.336591566875577,4.586204609423875,,1.2380672825127839,94,4.5,3.2,1.0,1825.0,3.0,3.2,6,68
801,Tóth.A,MID,1.2375430612824858,0.0,2.913050368335098,3.910409063566476,3.0419168,2.3201673328503967,91,5.0,0.8,0.0,1746.0,2.0,0.8,1,3
677,Guessand,MID,1.237090477347374,0.0,2.9125977843999866,3.431364593729377,2.3433216,1.9008291280269622,31,6.2,1.4,1.0,1674.0,2.0,1.4,1,30
402,Aït-Nouri,DEF,1.2069145142287017,0.0,5.305438798591495,3.8922249932214616,,1.2069145142287017,43,5.7,2.8,1.0,1875.0,3.0,3.3,9,26
191,Estève,DEF,1.2014375159516932,0.0,5.299961800314486,4.160061141476035,,1.2014375159516932,90,3.9,2.4,0.0,1925.0,3.0,2.4,3,57
732,Uche,FWD,1.182718429863453,0.0,5.215934405624868,3.3581258063018327,0.8129676,0.960867931008339,31,5.5,0.6,1.0,1674.0,2.0,0.6,1,16
685,Diakité,DEF,1.1698113869503142,0.0,5.268335671313107,4.1585499281622464,,1.1698113869503142,91,4.2,0.4,0.0,1746.0,2.0,0.4,0,46
575,Van de Ven,DEF,1.1696383474767207,0.0,5.268162631839514,5.925934536606073,,1.1696383474767207,6,4.5,2.2,1.0,2060.0,4.0,1.2,3,100
466,Zirkzee,FWD,1.1439686918258667,0.0,5.177184667587282,3.2246918705105783,1.0617015,1.0946083984375,1,5.8,0.4,0.0,1822.0,3.0,0.4,1,35
539,O'Nien,DEF,1.1211200588196515,0.0,5.219644343182445,2.853768679350614,,1.1211200588196515,56,4.0,0.4,1.0,1802.0,2.0,0.4,0,2
506,Murillo,DEF,1.1182284946739673,0.0,5.21675277903676,2.876105290353298,,1.1182284946739673,17,5.2,3.6,1.0,1953.0,4.0,1.6,0,64
86,Brooks,MID,1.1146037259697914,0.0,2.790111033022404,3.4799515247344974,1.1489729,1.13522521173954,91,5.0,0.2,0.0,1746.0,2.0,0.2,0,44
497,L.Miley,MID,1.066859571710229,0.0,2.7423668787628412,3.3582639002054924,1.339778,1.2306105965673924,4,4.5,0.6,0.0,1980.0,4.0,0.1,0,58
724,Geertruida,DEF,1.0632421638071536,0.0,5.161766448169947,2.763600842580199,,1.0632421638071536,56,4.5,0.6,1.0,1802.0,2.0,0.6,1,35
143,Boscagli,DEF,1.0459116802364588,0.0,5.144435964599252,2.8481959029659625,,1.0459116802364588,36,4.2,2.2,0.0,1858.0,3.0,2.2,1,20
59,Onana,MID,1.042270197868347,0.0,2.717777504920959,2.9675353395193813,3.5391612,2.5404048023223873,7,4.8,2.4,1.0,1785.0,2.0,2.4,3,58
259,Sosa,DEF,1.02814002469182,0.0,5.126664309054613,2.272065985128283,,1.02814002469182,31,4.8,0.2,1.0,1674.0,2.0,0.2,0,5
335,King,MID,1.0277462071180343,0.0,2.7032535141706466,3.1571451293677093,2.842091,2.11635313296318,54,4.4,1.2,0.0,1702.0,3.0,1.2,1,37
644,Bellegarde,MID,1.025242473781109,0.0,2.7007497808337213,3.0247695231437683,1.0135715,1.0182398899793625,39,5.1,0.3,0.0,1793.0,3.0,0.3,0,27
215,Flemming,FWD,1.0222268187999726,0.0,5.055442794561388,3.0283574075251822,2.839015,2.1122997317314147,90,5.3,1.0,0.0,1925.0,3.0,1.0,2,47
290,Branthwaite,DEF,1.0115129734575747,0.0,5.110037257820368,3.958848742805421,,1.0115129734575747,11,5.3,1.4,1.0,1878.0,3.0,1.4,4,7
276,Devenny,MID,1.0062848982214927,0.0,2.681792205274105,2.8963929719477894,1.4922744,1.2978786014318466,31,4.3,0.4,1.0,1674.0,2.0,0.4,0,29
438,Mazraoui,DEF,0.9920298449881372,0.0,5.09055412935093,3.2152682867646214,,0.9920298449881371,1,4.9,0.6,0.0,1822.0,3.0,0.6,0,20
405,Aké,DEF,0.9915532587468622,0.0,5.090077543109655,3.1672882170975205,,0.9915532587468622,43,5.3,0.4,1.0,1875.0,3.0,0.9,0,26
262,Chadi Riad,DEF,0.9864668713510037,0.0,5.084991155713797,2.093817393966019,,0.9864668713510037,31,4.0,1.2,1.0,1674.0,2.0,1.2,1,6
296,Patterson,DEF,0.9788669136166571,0.0,5.07739119797945,4.441541916877032,,0.9788669136166571,11,4.4,2.2,1.0,1878.0,3.0,2.2,0,21
640,Pedro Lima,DEF,0.9747821111977101,0.0,5.073306395560503,3.198222381658852,,0.9747821111977101,39,4.0,0.3,0.0,1793.0,3.0,0.3,0,3
423,N.Gonzalez,MID,0.9532913482189179,0.18618921399116528,1.289896503686905,2.956956859976053,1.3926445,1.216903254032135,43,5.9,0.0,1.0,1875.0,3.0,0.5,0,55
707,Dibling,MID,0.9411984418332577,0.1740963076055051,1.277803597301245,2.9084693918377162,1.3469344,1.184640039384365,11,5.3,0.4,1.0,1878.0,3.0,0.4,0,17
721,Milosavljević,DEF,0.9189161655306817,0.0,5.017440449893475,3.150726603269577,,0.9189161655306817,91,4.4,0.2,0.0,1746.0,2.0,0.2,0,19
593,P.M.Sarr,MID,0.9141637153178452,0.1470615810900926,1.2507688707858322,2.876866880133748,1.6856087,1.3770307328999043,6,4.5,2.2,1.0,2060.0,4.0,1.2,8,53
728,Röhl,MID,0.9112362154573201,0.1441340812295675,1.2478413709253071,2.8669074987620116,1.0837077,1.0147191003262996,11,5.0,0.6,1.0,1878.0,3.0,0.6,0,16
11,White,DEF,0.9052370169758797,0.0,5.003761301338673,2.3477262981981037,,0.9052370169758797,3,5.1,1.2,0.0,1812.0,3.0,2.2,0,30
500,Osula,FWD,0.9018222884833812,0.16472782060503954,1.3437168972194202,2.7524200686067344,0.35171995,0.571760882794857,4,5.4,0.6,0.0,1980.0,4.0,0.1,1,21
202,Bruun Larsen,MID,0.8974108029156923,0.13030866868793967,1.2340159583836794,2.795922918319702,2.456232,1.8327035637199878,90,5.3,0.6,0.0,1925.0,3.0,0.6,1,34
686,Ngumoha,MID,0.8841931378096342,0.11709100358188151,1.2207982932776211,2.7212691077217457,0.9548705,0.9265995683372021,14,4.3,0.4,0.0,1780.0,3.0,0.9,0,13
40,Mings,DEF,0.8723229911923409,0.0,4.970847275555134,2.415190098583698,,0.8723229911923409,7,4.3,3.0,1.0,1785.0,2.0,3.0,12,39
152,Veltman,DEF,0.8686652997136117,0.0,4.967189584076404,2.428809172809124,,0.8686652997136117,36,4.3,0.8,0.0,1858.0,3.0,0.8,1,31
522,Yates,MID,0.8625038228929043,0.09540168866515164,1.1991089783608913,2.4968048200011257,1.01649,0.95489551872015,17,4.7,0.4,1.0,1953.0,4.0,-0.1,0,17
130,Donovan,MID,0.8521796100959181,0.0850774758681655,1.1887847655639052,2.5800085677206512,0.41408595,0.5893234166949988,94,4.4,0.4,1.0,1825.0,3.0,0.4,0,2
7,Calafiori,DEF,0.8497370174527168,0.0,4.94826130181551,2.2872512522339825,,0.8497370174527168,3,5.6,1.3,0.0,1812.0,3.0,2.3,1,85
295,Keane,DEF,0.8455254199728366,0.0,4.9440497043356295,4.189523091427981,,0.8455254199728366,11,4.7,1.4,1.0,1878.0,3.0,1.4,1,103
168,Buonanotte,MID,0.8209866617619991,0.05388452753424644,1.1575918172299862,2.558205686733127,0.68436545,0.7390139355063439,2,4.6,0.2,0.0,1934.0,3.0,0.2,0,2
719,Lindelöf,DEF,0.802338056564331,0.0,4.900862340927124,2.615805003941059,,0.802338056564331,7,4.5,0.4,1.0,1785.0,2.0,0.4,1,22
444,Yoro,DEF,0.8015889451652763,0.0,4.90011322952807,2.5789070053026073,,0.8015889451652763,1,4.1,0.4,0.0,1822.0,3.0,0.4,1,37
320,Diop,DEF,0.7969223929196596,0.0,4.895446677282453,2.1129362603276967,,0.7969223929196596,54,4.3,0.2,0.0,1702.0,3.0,0.2,0,10
605,Kilman,DEF,0.7842493813857436,0.0,4.8827736657485366,2.7423015516623854,,0.7842493813857436,21,4.2,0.4,1.0,1844.0,3.0,0.4,0,36
232,Tosin,DEF,0.7669055981934072,0.0,4.8654298825562,1.5998387121688578,,0.7669055981934072,8,4.0,0.6,1.0,1697.0,2.0,0.4,0,30
794,Alleyne,DEF,0.748833910152316,0.0,4.84735819451511,2.507578438743949,,0.748833910152316,43,4.1,0.2,1.0,1875.0,3.0,0.7,0,5
372,Robertson,DEF,0.7364350245893,0.0,4.834959308952093,2.701339089125395,,0.7364350245893,14,5.7,2.0,0.0,1780.0,3.0,2.5,8,33
573,Spence,DEF,0.7338140092045068,0.0,4.8323382935673,3.424578464627266,,0.7338140092045068,6,4.2,0.4,1.0,2060.0,4.0,-0.6,0,55
238,Estêvão,MID,0.7152259121835232,0.0,1.0518310676515101,1.7770201341435312,3.5571737,2.420394602239132,8,6.4,3.2,1.0,1697.0,2.0,3.2,3,55
318,Bassey,DEF,0.7142988056316972,0.12455349270254379,1.276711159981787,1.788930153362453,,0.7142988056316972,54,4.4,0.4,0.0,1702.0,3.0,0.4,1,57
376,Gomez,DEF,0.7038879650458694,0.11414265211671593,1.2663003193959592,2.4602011097595096,,0.7038879650458694,14,4.9,0.2,0.0,1780.0,3.0,0.7,1,26
679,Hermansen,GKP,0.7015032941102982,0.0,0.8111381159722806,2.044400170445442,,0.7015032941102982,21,4.2,2.4,1.0,1844.0,3.0,2.4,2,21
410,Lewis,DEF,0.6916887862980368,0.10194347336888332,1.2541011406481268,2.160367561802268,,0.6916887862980368,43,4.6,0.0,1.0,1875.0,3.0,0.5,0,19
723,Canvot,DEF,0.6620413073897361,0.07229599446058266,1.224453661739826,1.604803051203489,,0.6620413073897361,31,4.5,0.0,1.0,1674.0,2.0,0.0,0,27
572,Dragusin,DEF,0.6531901673600075,0.06344485443085401,1.2156025217100974,2.6981419203802943,,0.6531901673600075,6,4.5,1.0,1.0,2060.0,4.0,0.0,3,6
322,Tete,DEF,0.6419696132093669,0.05222430028021341,1.2043819675594567,1.4783138325810432,,0.6419696132093669,54,4.5,0.4,0.0,1702.0,3.0,0.4,1,67
447,Heaven,DEF,0.64164269849658,0.05189738556742651,1.20405505284667,2.08558387003839,,0.64164269849658,1,3.7,0.2,0.0,1822.0,3.0,0.2,0,26
665,Perri,GKP,0.6269613346457481,0.0,0.7365961565077305,1.702176211476326,,0.6269613346457481,2,4.5,0.0,0.0,1934.0,3.0,0.0,0,43
271,Kamada,MID,0.611388288140297,0.0,0.9479934436082841,1.6401360868290067,3.379902,2.2724964468479154,31,5.0,0.6,1.0,1674.0,2.0,0.6,2,48
164,O'Riley,MID,0.6005061610043049,0.0,0.937111316472292,1.6951690066512675,1.1099384,0.9061654942631722,36,5.5,0.2,0.0,1858.0,3.0,0.2,0,13
659,Walker-Peters,DEF,0.5757370123267174,0.0,1.1381493666768074,2.056148175299168,,0.5757370123267174,21,4.2,0.4,1.0,1844.0,3.0,0.4,1,32
424,Bobb,MID,0.5724435131251812,0.0,0.9090486685931682,1.7894642598181965,2.6358008,1.810457908332348,54,5.1,0.4,0.0,1702.0,3.0,0.4,1,20
476,Burn,DEF,0.5321659611910581,0.0,1.0945783155411482,2.0104144661128522,,0.5321659611910581,4,5.0,0.6,0.0,1980.0,4.0,0.1,1,70
338,Muniz,FWD,0.5167371411621571,0.0,0.9586317498981962,1.5286168357729912,2.6738858,1.8110263498425483,54,5.3,0.4,0.0,1702.0,3.0,0.4,1,19
30,Havertz,FWD,0.5135364611446858,0.0,0.9554310698807249,1.47401812620461,0.89329636,0.7413924010396004,3,7.3,1.2,0.0,1812.0,3.0,1.1,0,8
301,Alcaraz,MID,0.5050504425913096,0.0,0.8416555980592967,1.6164107452705503,1.7147601,1.230876216083765,11,5.2,0.2,1.0,1878.0,3.0,0.2,0,26
418,Doku,MID,0.4917419659160077,0.0,0.8283471213839948,1.4614610468409954,0.67628425,0.6024673385247588,43,6.4,0.6,1.0,1875.0,3.0,0.3,0,72
737,Kusi-Asare,FWD,0.48313980538398027,0.0,0.9250344141200194,1.4308019463345407,0.1902926,0.30743148024380207,54,4.5,0.0,0.0,1702.0,3.0,0.0,0,4
734,Bakwa,MID,0.4779537830501795,0.0,0.8145589385181666,1.3991995726525783,1.1583662,0.8862012352049351,17,5.9,0.0,1.0,1953.0,4.0,-0.5,0,12
55,Barkley,MID,0.4766435106098652,0.0,0.8132486660778523,1.4094785510003567,1.5402246,1.1147921355366708,7,4.8,0.4,1.0,1785.0,2.0,0.4,1,17
243,George,MID,0.47213522005826236,0.0,0.8087403755262494,1.4103269735723734,1.499162,1.0883512632399799,11,4.8,0.6,1.0,1878.0,3.0,0.6,2,7
389,Elliott,MID,0.4699550122767687,0.0,0.8065601677447558,1.400163401402533,0.5185602,0.49911810758709907,7,5.1,0.2,1.0,1785.0,2.0,0.2,0,5
353,James,MID,0.466607316583395,0.0,0.803212472051382,1.3993459914717823,1.8254033,1.2818849262595176,2,5.2,0.4,0.0,1934.0,3.0,0.4,1,15
551,Rigg,MID,0.4651541472971439,0.0,0.801759302765131,1.3693225210160018,0.52067536,0.4984668756127357,56,4.7,0.0,1.0,1802.0,2.0,0.0,0,15
527,Awoniyi,FWD,0.46138986710458996,0.0,0.9032844758406291,1.4298985561728477,1.3021332,0.9658358683735132,17,5.2,1.2,1.0,1953.0,4.0,0.7,0,13
362,Piroe,FWD,0.45662271723151204,0.0,0.8985173259675512,1.4093517938069997,0.8034667,0.6647290934920311,2,4.9,0.2,0.0,1934.0,3.0,0.2,0,12
33,M.Bizot,GKP,0.45482653871178624,0.0,0.5644613605737686,1.4080344302952288,,0.45482653871178624,7,4.2,0.0,1.0,1785.0,2.0,0.0,0,11
408,Rúben,DEF,0.4525108978897333,0.0,1.0149232522398233,1.5184729336947203,,0.4525108978897333,43,5.5,1.4,1.0,1875.0,3.0,1.9,6,102
344,Bijol,DEF,0.4522550907731056,0.0,1.0146674451231956,1.4295295521616933,,0.45225509077310566,2,3.9,0.6,0.0,1934.0,3.0,0.6,3,46
27,Nelson,MID,0.444303658278659,0.0,0.780908813746646,1.3143879584316163,0.7054385,0.6009845601208508,94,4.8,0.0,1.0,1825.0,3.0,0.0,0,6
755,Lacey,MID,0.4202845376729965,0.0,0.7568896931409836,1.2513222930952907,0.17787887,0.27484113800525667,1,4.5,0.0,0.0,1822.0,3.0,0.0,0,2
336,Reed,MID,0.41934419006109236,0.0,0.7559493455290794,1.2594676497392356,0.9655493,0.7470672501325608,54,4.3,0.2,0.0,1702.0,3.0,0.2,1,12
754,George Hemmings,MID,0.4173175833374262,0.0,0.7539227388054133,1.2474976859800517,0.35683298,0.381026822000742,7,4.5,0.2,1.0,1785.0,2.0,0.2,0,2
24,Nørgaard,MID,0.40813777908682825,0.0,0.7447429345548153,1.2176573147624732,0.41067994,0.4096630734801292,3,5.1,0.2,0.0,1812.0,3.0,1.2,0,4
10,Lewis-Skelly,DEF,0.38713733963668345,0.0,0.9495496939867734,1.0910099335387349,,0.38713733963668345,3,5.1,0.0,0.0,1812.0,3.0,1.0,0,12
632,Doherty,DEF,0.3725179412215948,0.0,0.9349302955716847,1.104662831053138,,0.3725179412215948,39,4.4,0.0,0.0,1793.0,3.0,0.0,0,11
513,Abbott,DEF,0.33035491891205304,0.0,0.892767273262143,0.9141935632005334,,0.33035491891205304,17,3.8,0.2,1.0,1953.0,4.0,-0.3,0,2
682,Møller Wolfe,DEF,0.3222752252221107,0.0,0.8846875795722007,1.072783243432641,,0.3222752252221107,39,4.2,0.3,0.0,1793.0,3.0,0.3,1,22
190,Ekdal,DEF,0.29110080502927305,0.0,0.853513159379363,0.9513015967980027,,0.29110080502927305,90,3.9,0.2,0.0,1925.0,3.0,0.2,0,44
747,Mayers,DEF,0.2757260096818208,0.0,0.8381383640319108,0.9919818614423273,,0.2757260096818208,21,4.0,0.0,1.0,1844.0,3.0,0.0,0,5
455,Mount,MID,0.24014368161559105,0.0,0.5767488370835782,0.7258631323836744,0.0,0.09605747264623643,1,5.9,0.2,0.0,1822.0,3.0,0.1,0,46
392,Endo,MID,0.2372785725351423,0.0,0.5738837280031294,0.7439005411509425,1.6262596,1.070667168226093,14,4.9,1.0,0.0,1780.0,3.0,0.4,3,12
198,Tuanzebe,DEF,0.19933083618991074,0.0,0.7617431905400007,0.6820835726894438,,0.19933083618991074,90,3.9,1.8,0.0,1925.0,3.0,0.5,0,27
579,Son,MID,0.0,0.0,0.3366051554679871,0.0,2.7378303e-07,1.642698180148727e-07,6,8.5,0.0,1.0,2060.0,4.0,0.0,0,0
622,Orford,MID,0.0,0.0,0.3366051554679871,0.0,2.7378303e-07,1.642698180148727e-07,21,4.4,0.0,1.0,1844.0,3.0,0.0,0,0
619,L.Guilherme,MID,0.0,0.0,0.3366051554679871,0.0,2.7378303e-07,1.642698180148727e-07,21,4.9,0.0,1.0,1844.0,3.0,0.0,0,5
581,Maddison,MID,0.0,0.0,0.3366051554679871,0.0,0.06268979,0.03761387318372726,6,6.8,0.0,1.0,2060.0,4.0,0.0,0,0
618,G.Rodriguez,MID,0.0,0.0,0.3366051554679871,0.0,0.0,0.0,21,4.8,0.2,1.0,1844.0,3.0,0.0,0,8
617,Cornet,MID,0.0,0.0,0.3366051554679871,0.0,2.7378303e-07,1.642698180148727e-07,21,4.9,0.0,1.0,1844.0,3.0,0.0,0,0
614,Ward-Prowse,MID,0.0,0.0,0.3366051554679871,0.0,2.2551808,1.353108501434326,90,5.6,0.2,0.0,1925.0,3.0,0.2,1,12
595,Olusesi,MID,0.0,0.0,0.3366051554679871,0.0,0.12072896,0.0724373772740364,6,4.3,0.0,1.0,2060.0,4.0,-1.0,0,0
594,Min-hyeok,MID,0.0,0.0,0.3366051554679871,0.0,2.7378303e-07,1.642698180148727e-07,6,4.5,0.0,1.0,2060.0,4.0,0.0,0,0
687,Rees-Dottin,MID,0.0,0.0,0.3366051554679871,0.0,0.17751928,0.10651156604290009,91,4.3,0.0,0.0,1746.0,2.0,0.0,0,0
668,Xhaka,MID,0.0,0.0,0.3366051554679871,0.0,0.2100892,0.12605352401733397,56,5.1,0.4,1.0,1802.0,2.0,0.0,0,90
663,J.Arias,MID,0.0,0.0,0.3366051554679871,0.0,0.21780345,0.13068206906318663,39,4.9,0.5,0.0,1793.0,3.0,0.0,0,45
611,Casey,DEF,0.0,0.0,0.56241235435009,0.0,,0.0,21,4.0,0.0,1.0,1844.0,3.0,0.0,0,0
638,Hoever,DEF,0.0,0.0,0.56241235435009,0.0,,0.0,39,3.8,0.0,0.0,1793.0,3.0,0.0,0,10
637,Toti,DEF,0.0,0.0,0.56241235435009,0.0,,0.0,39,4.2,0.0,0.0,1793.0,3.0,0.0,0,20
631,Agbadou,DEF,0.0,0.0,0.56241235435009,0.0,,0.0,39,4.2,0.5,0.0,1793.0,3.0,0.0,0,23
612,L.Paquetá,MID,0.0,0.0,0.3366051554679871,0.0,0.0,0.0,21,5.9,0.0,1.0,1844.0,3.0,0.0,0,69
147,Estupiñan,DEF,0.0,0.0,0.56241235435009,0.0,,0.0,36,4.5,0.0,0.0,1858.0,3.0,0.0,0,0
144,Coppola,DEF,0.0,0.0,0.56241235435009,0.0,,0.0,36,4.2,0.0,0.0,1858.0,3.0,0.0,0,10
117,Ji-soo,DEF,0.0,0.0,0.56241235435009,0.0,,0.0,94,3.9,0.0,1.0,1825.0,3.0,0.0,0,0
520,O'Brien,MID,0.0,0.0,0.3366051554679871,0.0,2.7378303e-07,1.642698180148727e-07,17,5.0,0.0,1.0,1953.0,4.0,0.0,0,0
518,Jota,MID,0.0,0.0,0.3366051554679871,0.0,2.7378303e-07,1.642698180148727e-07,17,5.4,0.0,1.0,1953.0,4.0,0.0,0,1
498,White,MID,0.0,0.0,0.3366051554679871,0.0,2.7378303e-07,1.642698180148727e-07,4,4.5,0.0,0.0,1980.0,4.0,0.0,0,0
496,Kuol,MID,0.0,0.0,0.3366051554679871,0.0,2.7378303e-07,1.642698180148727e-07,4,4.4,0.0,0.0,1980.0,4.0,0.0,0,0
495,Hayden,MID,0.0,0.0,0.3366051554679871,0.0,2.7378303e-07,1.642698180148727e-07,4,4.5,0.0,0.0,1980.0,4.0,0.0,0,0
621,Irving,MID,0.0,0.0,0.3366051554679871,0.0,0.00024328721,0.00014597232802771032,21,4.3,0.0,1.0,1844.0,3.0,0.0,0,9
490,Joelinton,MID,0.0,0.0,0.3366051554679871,0.0,0.6989051,0.41934306621551515,4,5.9,0.6,0.0,1980.0,4.0,0.0,0,56
558,Matete,MID,0.0,0.0,0.3366051554679871,0.0,0.0,0.0,56,4.3,0.0,1.0,1802.0,2.0,0.0,0,0
557,H.Jones,MID,0.0,0.0,0.3366051554679871,0.0,0.04454988,0.026729927211999894,56,4.3,0.0,1.0,1802.0,2.0,0.0,0,0
554,Ba,MID,0.0,0.0,0.3366051554679871,0.0,0.08278282,0.04966969192028046,56,4.3,0.0,1.0,1802.0,2.0,0.0,0,0
550,Poveda,MID,0.0,0.0,0.3366051554679871,0.0,0.32279438,0.1936766266822815,56,4.8,0.0,1.0,1802.0,2.0,0.0,0,0
549,Neil,MID,0.0,0.0,0.3366051554679871,0.0,0.0,0.0,56,4.8,0.0,1.0,1802.0,2.0,0.0,0,3
533,Alese,DEF,0.0,0.0,0.56241235435009,0.0,,0.0,56,4.0,0.0,1.0,1802.0,2.0,0.0,0,0
512,O.Richards,DEF,0.0,0.0,0.56241235435009,0.0,,0.0,17,4.5,0.0,1.0,1953.0,4.0,0.0,0,0
510,Jair Cunha,DEF,0.0,0.0,0.56241235435009,0.0,,0.0,17,4.2,0.0,1.0,1953.0,4.0,-0.5,0,3
492,Antoñito C.,MID,0.0,0.0,0.3366051554679871,0.0,2.7378303e-07,1.642698180148727e-07,4,4.9,0.0,0.0,1980.0,4.0,0.0,0,0
115,Fredrick,DEF,0.0,0.0,0.56241235435009,0.0,,0.0,94,4.0,0.0,1.0,1825.0,3.0,0.0,0,0
111,Pinnock,DEF,0.0,0.0,0.56241235435009,0.0,,0.0,94,4.2,0.0,1.0,1825.0,3.0,0.0,0,4
80,Soler,DEF,0.0,0.0,0.56241235435009,0.0,,0.0,91,4.0,0.0,0.0,1746.0,2.0,0.0,0,3
79,Mepham,DEF,0.0,0.0,0.56241235435009,0.0,,0.0,91,4.0,0.0,0.0,1746.0,2.0,0.0,0,0
78,J.Araujo,DEF,0.0,0.0,0.56241235435009,0.0,,0.0,91,3.8,0.0,0.0,1746.0,2.0,0.0,0,0
543,Adingra,MID,0.0,0.0,0.3366051554679871,0.0,0.24546994,0.14728196561336518,56,4.9,0.0,1.0,1802.0,2.0,0.0,0,34
524,Stamenic,MID,0.0,0.0,0.3366051554679871,0.0,2.7378303e-07,1.642698180148727e-07,17,4.5,0.0,1.0,1953.0,4.0,0.0,0,0
523,Da Silva Moreira,MID,0.0,0.0,0.3366051554679871,0.0,0.039087087,0.02345225214958191,17,4.5,0.0,1.0,1953.0,4.0,-0.5,0,0
592,Moore,MID,0.0,0.0,0.3366051554679871,0.0,2.7378303e-07,1.642698180148727e-07,6,5.0,0.0,1.0,2060.0,4.0,0.0,0,0
662,Mosquera,DEF,0.0,0.0,0.56241235435009,0.0,,0.0,3,5.3,0.7,0.0,1812.0,3.0,1.7,4,21
589,Solomon,MID,0.0,0.0,0.3366051554679871,0.0,2.7378303e-07,1.642698180148727e-07,6,5.4,0.0,1.0,2060.0,4.0,0.0,0,0
588,Odobert,MID,0.0,0.0,0.3366051554679871,0.0,0.6653608,0.39921648502349855,6,5.3,2.6,1.0,2060.0,4.0,0.0,1,46
586,Bergvall,MID,0.0,0.0,0.3366051554679871,0.0,0.0,0.0,6,5.2,0.2,1.0,2060.0,4.0,0.0,0,39
585,Bentancur,MID,0.0,0.0,0.3366051554679871,0.0,0.0,0.0,6,5.3,0.0,1.0,2060.0,4.0,0.0,0,64
583,Kulusevski,MID,0.0,0.0,0.3366051554679871,0.0,1.4203182e-07,8.521909364844759e-08,6,6.4,0.0,1.0,2060.0,4.0,0.0,0,0
582,Kudus,MID,0.0,0.0,0.3366051554679871,0.0,0.026268547,0.015761128440499306,6,6.4,0.0,1.0,2060.0,4.0,0.0,0,75
570,Danso,DEF,0.0,0.0,0.56241235435009,0.0,,0.0,6,4.2,0.2,1.0,2060.0,4.0,0.0,0,27
569,Romero,DEF,0.0,0.0,0.56241235435009,0.0,,0.0,6,5.0,3.2,1.0,2060.0,4.0,0.0,0,89
678,Masuaku,DEF,0.0,0.0,0.56241235435009,0.0,,0.0,56,3.9,0.0,1.0,1802.0,2.0,0.0,0,1
590,Bryan,MID,0.0,0.0,0.3366051554679871,0.0,2.7378303e-07,1.642698180148727e-07,6,4.9,0.0,1.0,2060.0,4.0,0.0,0,0
502,Sels,GKP,0.0,0.0,0.10963482186198233,0.0,,0.0,17,4.6,3.4,1.0,1953.0,4.0,0.0,0,61
472,Odysseas,GKP,0.0,0.0,0.10963482186198233,0.0,,0.0,4,4.0,0.0,0.0,1980.0,4.0,0.0,0,0
471,Gillespie,GKP,0.0,0.0,0.10963482186198233,0.0,,0.0,4,3.9,0.0,0.0,1980.0,4.0,-0.5,0,0
434,Heaton,GKP,0.0,0.0,0.10963482186198233,0.0,,0.0,1,3.9,0.0,0.0,1822.0,3.0,0.0,0,0
655,Fábio Silva,FWD,0.0,0.0,0.44189460873603914,0.0,0.0,0.0,39,4.9,0.0,0.0,1793.0,3.0,0.0,0,0
313,Sherif,FWD,0.0,0.0,0.44189460873603914,0.0,0.0,0.0,11,4.4,0.0,1.0,1878.0,3.0,0.0,0,0
285,Édouard,FWD,0.0,0.0,0.44189460873603914,0.0,0.0,0.0,31,5.0,0.0,1.0,1674.0,2.0,0.0,0,1
284,Nketiah,FWD,0.0,0.0,0.44189460873603914,0.0,0.031491905,0.01889514327049255,31,5.4,0.0,1.0,1674.0,2.0,0.0,0,23
283,Mateta,FWD,0.0,0.0,0.44189460873603914,0.0,0.0,0.0,31,7.5,0.8,1.0,1674.0,2.0,0.0,0,84
509,David Carmo,DEF,0.0,0.0,0.56241235435009,0.0,,0.0,17,4.5,0.0,1.0,1953.0,4.0,0.0,0,0
251,N.Jackson,FWD,0.0,0.0,0.44189460873603914,0.0,0.00047057567,0.00028234540368430314,8,6.5,0.0,1.0,1697.0,2.0,0.0,0,0
219,Obafemi,FWD,0.0,0.0,0.44189460873603914,0.0,0.029146343,0.01748780608177185,90,4.4,0.0,0.0,1925.0,3.0,0.0,0,0
218,Barnes,FWD,0.0,0.0,0.44189460873603914,0.0,0.0026757556,0.0016054533887654542,90,4.2,-0.2,0.0,1925.0,3.0,-0.2,0,1
69,McKenna,GKP,0.0,0.0,0.10963482186198233,0.0,,0.0,91,3.9,0.0,0.0,1746.0,2.0,0.0,0,0
35,Marschall,GKP,0.0,0.0,0.10963482186198233,0.0,,0.0,7,4.0,0.0,1.0,1785.0,2.0,0.0,0,0
607,N.Aguerd,DEF,0.0,0.0,0.56241235435009,0.0,,0.0,21,4.4,0.0,1.0,1844.0,3.0,0.0,0,3
604,Emerson,DEF,0.0,0.0,0.56241235435009,0.0,,0.0,21,4.4,0.0,1.0,1844.0,3.0,0.0,0,0
578,Vuskovic,DEF,0.0,0.0,0.56241235435009,0.0,,0.0,6,3.9,0.0,1.0,2060.0,4.0,0.0,0,0
577,Takai,DEF,0.0,0.0,0.56241235435009,0.0,,0.0,6,4.0,0.0,1.0,2060.0,4.0,0.0,0,0
401,Bettinelli,GKP,0.0,0.0,0.10963482186198233,0.0,,0.0,43,3.8,0.0,1.0,1875.0,3.0,0.5,0,0
252,Marc Guiu,FWD,0.0,0.0,0.44189460873603914,0.0,0.0,0.0,8,4.2,0.0,1.0,1697.0,2.0,0.0,0,12
597,Richarlison,FWD,0.0,0.0,0.44189460873603914,0.0,0.06674014,0.04004408419132233,6,6.3,0.0,1.0,2060.0,4.0,0.0,0,75
340,Cairns,GKP,0.0,0.0,0.10963482186198233,0.0,,0.0,2,3.9,0.0,0.0,1934.0,3.0,0.0,0,0
339,Meslier,GKP,0.0,0.0,0.10963482186198233,0.0,,0.0,2,4.2,0.0,0.0,1934.0,3.0,0.0,0,0
289,Tyrer,GKP,0.0,0.0,0.10963482186198233,0.0,,0.0,11,3.9,0.0,1.0,1878.0,3.0,0.0,0,0
255,Matthews,GKP,0.0,0.0,0.10963482186198233,0.0,,0.0,31,3.9,0.0,1.0,1674.0,2.0,0.0,0,0
223,Slonina,GKP,0.0,0.0,0.10963482186198233,0.0,,0.0,8,3.9,0.0,1.0,1697.0,2.0,0.0,0,0
222,Penders,GKP,0.0,0.0,0.10963482186198233,0.0,,0.0,8,4.0,0.0,1.0,1697.0,2.0,0.0,0,0
3,Hein,GKP,0.0,0.0,0.10963482186198233,0.0,,0.0,3,4.0,0.0,0.0,1812.0,3.0,0.0,0,0
797,Furo,FWD,0.0,0.0,0.44189460873603914,0.0,0.24443293,0.1466597557067871,94,4.5,0.0,1.0,1825.0,3.0,0.0,0,0
503,C.Miguel,GKP,0.0,0.0,0.10963482186198233,0.0,,0.0,17,4.0,0.0,1.0,1953.0,4.0,0.0,0,0
696,Kalimuendo,FWD,0.0,0.0,0.44189460873603914,0.0,0.37748027,0.22648816108703612,17,6.0,0.0,1.0,1953.0,4.0,0.0,0,9
625,Füllkrug,FWD,0.0,0.0,0.44189460873603914,0.0,0.021716226,0.013029735535383224,21,5.6,0.0,1.0,1844.0,3.0,0.0,0,12
599,Scarlett,FWD,0.0,0.0,0.44189460873603914,0.0,0.123148054,0.07388883233070373,6,4.3,0.2,1.0,2060.0,4.0,0.0,0,2
574,Udogie,DEF,0.0,0.0,0.56241235435009,0.0,,0.0,6,4.3,0.4,1.0,2060.0,4.0,0.0,0,15
571,Davies,DEF,0.0,0.0,0.56241235435009,0.0,,0.0,6,4.3,0.0,1.0,2060.0,4.0,0.0,0,10
216,Amdouni,FWD,0.0,0.0,0.44189460873603914,0.0,0.00036594208,0.0002195652457885444,90,4.8,0.0,0.0,1925.0,3.0,0.0,0,0
221,Jörgensen,GKP,0.0,0.0,0.10963482186198233,0.0,,0.0,8,4.3,0.0,1.0,1697.0,2.0,0.0,0,3
566,Austin,GKP,0.0,0.0,0.10963482186198233,0.0,,0.0,6,3.9,0.0,1.0,2060.0,4.0,-1.0,0,0
530,Nna Noukeu,GKP,0.0,0.0,0.10963482186198233,0.0,,0.0,56,3.9,0.0,1.0,1802.0,2.0,0.0,0,0
504,Turner,GKP,0.0,0.0,0.10963482186198233,0.0,,0.0,17,4.0,0.0,1.0,1953.0,4.0,0.0,0,0
658,Fraser,FWD,0.0,0.0,0.44189460873603914,0.0,0.10314786,0.06188871413469314,39,4.2,0.0,0.0,1793.0,3.0,0.0,0,0
758,Mohamadou Kanté,MID,0.0,0.0,0.3366051554679871,0.0,0.072011404,0.04320684224367142,21,4.5,0.0,1.0,1844.0,3.0,0.0,0,3
660,Stach,MID,0.0,0.0,0.3366051554679871,0.0,0.9340092,0.5604055166244507,2,4.7,2.0,0.0,1934.0,3.0,0.0,0,97
653,Hodge,MID,0.0,0.0,0.3366051554679871,0.0,2.7378303e-07,1.642698180148727e-07,39,4.5,0.0,0.0,1793.0,3.0,0.0,0,0
652,Gonzalez,MID,0.0,0.0,0.3366051554679871,0.0,0.19665128,0.11799076795578002,39,4.3,0.0,0.0,1793.0,3.0,0.0,0,0
651,Edozie,MID,0.0,0.0,0.3366051554679871,0.0,0.19316405,0.11589843034744263,39,4.3,0.0,0.0,1793.0,3.0,0.0,0,0
650,Chirewa,MID,0.0,0.0,0.3366051554679871,0.0,5.7244542e-05,3.434672544244677e-05,39,4.3,0.0,0.0,1793.0,3.0,0.0,0,2
648,Munetsi,MID,0.0,0.0,0.3366051554679871,0.0,3.4401083e-07,2.064064972273627e-07,39,5.3,0.0,0.0,1793.0,3.0,0.0,0,38
627,Johnstone,GKP,0.0,0.0,0.10963482186198233,0.0,,0.0,39,4.4,0.0,0.0,1793.0,3.0,0.0,0,21
71,Zabarnyi,DEF,0.0,0.0,0.56241235435009,0.0,,0.0,91,5.0,0.0,0.0,1746.0,2.0,0.0,0,0
9,Kiwior,DEF,0.0,0.0,0.56241235435009,0.0,,0.0,3,5.4,0.0,0.0,1812.0,3.0,0.0,0,0
42,A.García,DEF,0.0,0.0,0.56241235435009,0.0,,0.0,7,3.9,0.0,1.0,1785.0,2.0,0.0,0,1
15,Nichols,DEF,0.0,0.0,0.56241235435009,0.0,,0.0,3,3.7,0.0,0.0,1812.0,3.0,1.0,0,0
14,Kacurri,DEF,0.0,0.0,0.56241235435009,0.0,,0.0,3,3.9,0.0,0.0,1812.0,3.0,0.0,0,0
13,Clarke,DEF,0.0,0.0,0.56241235435009,0.0,,0.0,3,3.8,0.0,0.0,1812.0,3.0,1.0,0,0
12,Zinchenko,DEF,0.0,0.0,0.56241235435009,0.0,,0.0,17,4.9,0.0,1.0,1953.0,4.0,0.0,0,7
739,Mukasa,MID,0.0,0.0,0.3366051554679871,0.0,0.0,0.0,43,4.4,0.2,1.0,1875.0,3.0,0.0,0,2
76,Bevan,DEF,0.0,0.0,0.56241235435009,0.0,,0.0,91,3.8,0.0,0.0,1746.0,2.0,0.0,0,0
559,Triantis,MID,0.0,0.0,0.3366051554679871,0.0,2.7378303e-07,1.642698180148727e-07,56,4.4,0.0,1.0,1802.0,2.0,0.0,0,0
645,Fer López,MID,0.0,0.0,0.3366051554679871,0.0,2.7378303e-07,1.642698180148727e-07,39,5.1,0.0,0.0,1793.0,3.0,0.0,0,12
642,Hee Chan,MID,0.0,0.0,0.3366051554679871,0.0,0.50333214,0.3019992828369141,39,5.6,1.3,0.0,1793.0,3.0,0.0,0,44
45,Sousa,DEF,0.0,0.0,0.56241235435009,0.0,,0.0,7,3.8,0.0,1.0,1785.0,2.0,0.0,0,0
757,Hollingshead,GKP,0.0,0.0,0.10963482186198233,0.0,,0.0,7,4.0,0.0,1.0,1785.0,2.0,0.0,0,0
715,John,GKP,0.0,0.0,0.10963482186198233,0.0,,0.0,17,4.0,0.0,1.0,1953.0,4.0,0.0,0,11
674,Ramsdale,GKP,0.0,0.0,0.10963482186198233,0.0,,0.0,4,4.8,0.0,0.0,1980.0,4.0,-0.5,0,11
629,Bentley,GKP,0.0,0.0,0.10963482186198233,0.0,,0.0,39,3.9,0.0,0.0,1793.0,3.0,0.0,0,0
180,Tzimas,FWD,0.0,0.0,0.44189460873603914,0.0,0.00066659134,0.00039995480328798295,36,5.2,0.0,0.0,1858.0,3.0,0.0,0,16
179,Ferguson,FWD,0.0,0.0,0.44189460873603914,0.0,0.0,0.0,36,5.5,0.0,0.0,1858.0,3.0,0.0,0,0
137,Morgan,FWD,0.0,0.0,0.44189460873603914,0.0,0.0004997695,0.000299861712846905,94,4.4,0.0,1.0,1825.0,3.0,0.0,0,0
99,Adu-Adjei,FWD,0.0,0.0,0.44189460873603914,0.0,0.0013888206,0.0008332923520356416,91,4.4,0.0,0.0,1746.0,2.0,0.0,0,0
65,Redmond,FWD,0.0,0.0,0.44189460873603914,0.0,0.00059973577,0.0003598414594307542,7,4.5,0.0,1.0,1785.0,2.0,0.0,0,0
735,Traoré,MID,0.0,0.0,0.3366051554679871,0.0,0.0034795227,0.0020877135917544364,56,5.5,0.0,1.0,1802.0,2.0,0.0,0,28
762,Drakes-Thomas,MID,0.0,0.0,0.3366051554679871,0.0,0.15962581,0.09577548801898957,31,4.5,0.0,1.0,1674.0,2.0,0.0,0,2
700,Dowman,MID,0.0,0.0,0.3366051554679871,0.0,0.014223502,0.008534101210534573,3,4.2,0.0,0.0,1812.0,3.0,0.0,0,5
792,Alysson,MID,0.0,0.0,0.3366051554679871,0.0,1.1443334,0.6866000175476074,7,5.0,0.2,1.0,1785.0,2.0,0.2,1,1
777,Ojinnaka,MID,0.0,0.0,0.3366051554679871,0.0,2.7378303e-07,1.642698180148727e-07,39,4.5,0.0,0.0,1793.0,3.0,0.0,0,0
776,Pimlott,MID,0.0,0.0,0.3366051554679871,0.0,0.020392383,0.012235429510474205,90,4.5,0.0,0.0,1925.0,3.0,0.0,0,0
772,Alabi,MID,0.0,0.0,0.3366051554679871,0.0,0.07169456,0.043016736209392545,4,4.5,0.0,0.0,1980.0,4.0,-0.5,0,0
770,Ridgeon,MID,0.0,0.0,0.3366051554679871,0.0,0.04836237,0.02901742234826088,54,4.5,0.0,0.0,1702.0,3.0,0.0,0,0
769,Bendito Mantato,MID,0.0,0.0,0.3366051554679871,0.0,0.28375894,0.1702553629875183,1,4.5,0.0,0.0,1822.0,3.0,0.0,0,1
767,Rawlings,MID,0.0,0.0,0.3366051554679871,0.0,0.077447385,0.046468430757522584,39,4.5,0.0,0.0,1793.0,3.0,0.0,0,0
764,Heskey,MID,0.0,0.0,0.3366051554679871,0.0,0.09057371,0.05434422791004181,43,4.5,0.0,1.0,1875.0,3.0,0.5,0,0
763,Gray,MID,0.0,0.0,0.3366051554679871,0.0,0.29920897,0.17952538132667542,43,4.5,0.0,1.0,1875.0,3.0,0.5,0,0
718,S.Magassa,MID,0.0,0.0,0.3366051554679871,0.0,2.07477,1.2448619842529296,21,5.0,0.2,1.0,1844.0,3.0,0.2,1,34
166,Ayari,MID,0.0,0.0,0.3366051554679871,0.0,0.0,0.0,36,4.8,3.4,0.0,1858.0,3.0,0.0,0,83
162,Gruda,MID,0.0,0.0,0.3366051554679871,0.0,0.14741325,0.08844795227050781,36,5.4,0.4,0.0,1858.0,3.0,0.0,0,35
159,March,MID,0.0,0.0,0.3366051554679871,0.0,0.0,0.0,36,5.8,0.0,0.0,1858.0,3.0,0.0,0,0
214,Trésor,MID,0.0,0.0,0.3366051554679871,0.0,0.02227346,0.013364076241850853,90,4.4,0.0,0.0,1925.0,3.0,0.0,0,4
343,Struijk,DEF,0.0,0.0,0.56241235435009,0.0,,0.0,2,4.3,3.2,0.0,1934.0,3.0,0.0,0,74
436,De Ligt,DEF,0.0,0.0,0.56241235435009,0.0,,0.0,1,4.9,0.0,0.0,1822.0,3.0,0.0,0,43
409,Stones,DEF,0.0,0.0,0.56241235435009,0.0,,0.0,43,5.4,0.0,1.0,1875.0,3.0,0.5,0,12
404,Akanji,DEF,0.0,0.0,0.56241235435009,0.0,,0.0,43,5.4,0.0,1.0,1875.0,3.0,0.0,0,0
403,Gvardiol,DEF,0.0,0.0,0.56241235435009,0.0,,0.0,43,5.9,0.0,1.0,1875.0,3.0,0.0,0,77
431,Bayindir,GKP,0.0,0.0,0.10963482186198233,0.0,,0.0,1,4.7,0.0,0.0,1822.0,3.0,0.0,0,11
51,Iling Jr,MID,0.0,0.0,0.3366051554679871,0.0,2.7378303e-07,1.642698180148727e-07,7,5.5,0.0,1.0,1785.0,2.0,0.0,0,0
48,Tielemans,MID,0.0,0.0,0.3366051554679871,0.0,0.093070775,0.05584246516227722,7,5.9,1.0,1.0,1785.0,2.0,0.0,0,52
29,Sambi,MID,0.0,0.0,0.3366051554679871,0.0,2.7378303e-07,1.642698180148727e-07,3,4.5,0.0,0.0,1812.0,3.0,0.0,0,0
28,Kabia,MID,0.0,0.0,0.3366051554679871,0.0,2.7378303e-07,1.642698180148727e-07,3,4.5,0.0,0.0,1812.0,3.0,0.0,0,0
379,R.Williams,DEF,0.0,0.0,0.56241235435009,0.0,,0.0,14,3.7,0.0,0.0,1780.0,3.0,0.5,0,0
484,Targett,DEF,0.0,0.0,0.56241235435009,0.0,,0.0,4,4.0,0.0,0.0,1980.0,4.0,0.0,0,0
482,Ashby,DEF,0.0,0.0,0.56241235435009,0.0,,0.0,4,3.9,0.0,0.0,1980.0,4.0,0.0,0,0
91,Sinisterra,MID,0.0,0.0,0.3366051554679871,0.0,2.7378303e-07,1.642698180148727e-07,91,5.0,0.0,0.0,1746.0,2.0,0.0,0,0
89,Philip,MID,0.0,0.0,0.3366051554679871,0.0,2.7378303e-07,1.642698180148727e-07,91,4.9,0.0,0.0,1746.0,2.0,0.0,0,0
380,Ramsay,DEF,0.0,0.0,0.56241235435009,0.0,,0.0,14,3.8,0.0,0.0,1780.0,3.0,0.5,0,0
211,A.Ramsey,MID,0.0,0.0,0.3366051554679871,0.0,9.037067e-05,5.422240064945072e-05,90,4.4,0.0,0.0,1925.0,3.0,0.0,0,0
208,Koleosho,MID,0.0,0.0,0.3366051554679871,0.0,2.7378303e-07,1.642698180148727e-07,90,5.0,0.0,0.0,1925.0,3.0,0.0,0,0
205,Cullen,MID,0.0,0.0,0.3366051554679871,0.0,0.120787874,0.07247272431850434,90,4.9,0.0,0.0,1925.0,3.0,0.0,0,70
204,Churlinov,MID,0.0,0.0,0.3366051554679871,0.0,2.7378303e-07,1.642698180148727e-07,90,4.9,0.0,0.0,1925.0,3.0,0.0,0,0
203,Boateng,MID,0.0,0.0,0.3366051554679871,0.0,0.26055282,0.15633169412612916,90,4.7,0.0,0.0,1925.0,3.0,0.0,0,0
201,Benson,MID,0.0,0.0,0.3366051554679871,0.0,2.7378303e-07,1.642698180148727e-07,90,5.4,0.0,0.0,1925.0,3.0,0.0,0,0
378,Nallo,DEF,0.0,0.0,0.56241235435009,0.0,,0.0,14,3.7,0.0,0.0,1780.0,3.0,0.5,0,0
377,Tsimikas,DEF,0.0,0.0,0.56241235435009,0.0,,0.0,14,4.8,0.0,0.0,1780.0,3.0,0.0,0,0
375,Bradley,DEF,0.0,0.0,0.56241235435009,0.0,,0.0,14,4.9,0.0,0.0,1780.0,3.0,0.0,0,42
171,Sarmiento,MID,0.0,0.0,0.3366051554679871,0.0,2.7378303e-07,1.642698180148727e-07,36,4.9,0.0,0.0,1858.0,3.0,0.0,0,0
349,Schmidt,DEF,0.0,0.0,0.56241235435009,0.0,,0.0,2,4.0,0.0,0.0,1934.0,3.0,0.0,0,0
346,Byram,DEF,0.0,0.0,0.56241235435009,0.0,,0.0,2,3.8,0.0,0.0,1934.0,3.0,0.0,0,1
177,Moran,MID,0.0,0.0,0.3366051554679871,0.0,2.7378303e-07,1.642698180148727e-07,36,4.5,0.0,0.0,1858.0,3.0,0.0,0,0
480,Lascelles,DEF,0.0,0.0,0.56241235435009,0.0,,0.0,4,4.3,0.0,0.0,1980.0,4.0,0.0,0,1
477,Livramento,DEF,0.0,0.0,0.56241235435009,0.0,,0.0,4,4.9,0.0,0.0,1980.0,4.0,0.0,0,49
474,Schär,DEF,0.0,0.0,0.56241235435009,0.0,,0.0,4,5.2,0.0,0.0,1980.0,4.0,0.0,0,51
95,Silcott-Duberry,MID,0.0,0.0,0.3366051554679871,0.0,2.7378303e-07,1.642698180148727e-07,91,4.4,0.0,0.0,1746.0,2.0,0.0,0,0
174,Yalcouye,MID,0.0,0.0,0.3366051554679871,0.0,2.7378303e-07,1.642698180148727e-07,36,5.0,0.0,0.0,1858.0,3.0,0.0,0,0
173,Wieffer,MID,0.0,0.0,0.3366051554679871,0.0,0.011749866,0.0070499198511242865,36,4.9,0.0,0.0,1858.0,3.0,0.0,0,58
172,Watson,MID,0.0,0.0,0.3366051554679871,0.0,0.055452716,0.033271629363298416,36,4.8,0.0,0.0,1858.0,3.0,0.0,0,5
370,Frimpong,DEF,0.0,0.0,0.56241235435009,0.0,,0.0,14,5.7,0.4,0.0,1780.0,3.0,0.0,0,34
369,Woodman,GKP,0.0,0.0,0.10963482186198233,0.0,,0.0,14,3.9,0.0,0.0,1780.0,3.0,0.5,0,0
368,Pécsi,GKP,0.0,0.0,0.10963482186198233,0.0,,0.0,14,3.8,0.0,0.0,1780.0,3.0,0.5,0,0
367,Mamardashvili,GKP,0.0,0.0,0.10963482186198233,0.0,,0.0,14,4.1,0.0,0.0,1780.0,3.0,0.5,0,19
94,Sadi,MID,0.0,0.0,0.3366051554679871,0.0,2.7378303e-07,1.642698180148727e-07,91,4.5,0.0,0.0,1746.0,2.0,0.0,0,0
598,Lankshear,FWD,0.0,0.0,0.44189460873603914,0.0,0.0,0.0,6,4.5,0.0,1.0,2060.0,4.0,0.0,0,0
4,Setford,GKP,0.0,0.0,0.10963482186198233,0.0,,0.0,3,3.9,0.0,0.0,1812.0,3.0,1.0,0,0
70,Paulsen,GKP,0.0,0.0,0.10963482186198233,0.0,,0.0,91,4.0,0.0,0.0,1746.0,2.0,0.0,0,0
433,Harrison,GKP,0.0,0.0,0.10963482186198233,0.0,,0.0,1,4.0,0.0,0.0,1822.0,3.0,0.0,0,0
432,Onana,GKP,0.0,0.0,0.10963482186198233,0.0,,0.0,1,4.9,0.0,0.0,1822.0,3.0,0.0,0,0
85,Adams,MID,0.0,0.0,0.3366051554679871,0.0,1.5386541,0.9231924533843994,91,4.9,0.0,0.0,1746.0,2.0,0.0,0,50
576,Phillips,DEF,0.0,0.0,0.56241235435009,0.0,,0.0,6,4.0,0.0,1.0,2060.0,4.0,0.0,0,0
102,Balcombe,GKP,0.0,0.0,0.10963482186198233,0.0,,0.0,94,3.9,0.0,1.0,1825.0,3.0,0.0,0,0
104,Eyestone,GKP,0.0,0.0,0.10963482186198233,0.0,,0.0,94,3.9,0.0,1.0,1825.0,3.0,0.0,0,0
142,Scherpen,GKP,0.0,0.0,0.10963482186198233,0.0,,0.0,36,4.0,0.0,0.0,1858.0,3.0,0.0,0,0
182,Trafford,GKP,0.0,0.0,0.10963482186198233,0.0,,0.0,43,4.5,0.0,1.0,1875.0,3.0,0.5,0,11
184,Green,GKP,0.0,0.0,0.10963482186198233,0.0,,0.0,90,4.0,0.0,0.0,1925.0,3.0,0.0,0,0
185,Hladký,GKP,0.0,0.0,0.10963482186198233,0.0,,0.0,90,3.9,0.0,0.0,1925.0,3.0,0.0,0,0
562,Abdullahi,FWD,0.0,0.0,0.44189460873603914,0.0,0.4505729,0.2703437447547912,56,4.2,0.0,1.0,1802.0,2.0,0.0,0,0
563,Luís Hemir,FWD,0.0,0.0,0.44189460873603914,0.0,4.5878678e-05,2.7527206839295104e-05,56,4.4,0.0,1.0,1802.0,2.0,0.0,0,0
564,Rusyn,FWD,0.0,0.0,0.44189460873603914,0.0,0.0,0.0,56,4.4,0.0,1.0,1802.0,2.0,0.0,0,0
92,Faivre,MID,0.0,0.0,0.3366051554679871,0.0,0.00019994655,0.00011996792745776473,91,4.5,0.0,0.0,1746.0,2.0,0.0,0,0
84,Tavernier,MID,0.0,0.0,0.3366051554679871,0.0,0.0,0.0,91,5.3,1.6,0.0,1746.0,2.0,0.0,0,94
81,Kluivert,MID,0.0,0.0,0.3366051554679871,0.0,0.053470694,0.032082416117191315,91,7.0,0.0,0.0,1746.0,2.0,0.0,0,40
63,Young,MID,0.0,0.0,0.3366051554679871,0.0,5.7244542e-05,3.434672544244677e-05,7,4.3,0.0,1.0,1785.0,2.0,0.0,0,0
62,Jimoh-Aloba,MID,0.0,0.0,0.3366051554679871,0.0,2.7378303e-07,1.642698180148727e-07,7,4.5,0.0,1.0,1785.0,2.0,0.0,0,1
60,Broggio,MID,0.0,0.0,0.3366051554679871,0.0,2.7378303e-07,1.642698180148727e-07,7,4.4,0.0,1.0,1785.0,2.0,0.0,0,0
134,Trevitt,MID,0.0,0.0,0.3366051554679871,0.0,2.7378303e-07,1.642698180148727e-07,94,4.5,0.0,1.0,1825.0,3.0,0.0,0,0
132,Maghoma,MID,0.0,0.0,0.3366051554679871,0.0,2.7378303e-07,1.642698180148727e-07,94,4.5,0.0,1.0,1825.0,3.0,0.0,0,0
131,Konak,MID,0.0,0.0,0.3366051554679871,0.0,5.7244542e-05,3.434672544244677e-05,94,4.3,0.0,1.0,1825.0,3.0,0.0,0,0
128,Onyeka,MID,0.0,0.0,0.3366051554679871,0.0,2.7378303e-07,1.642698180148727e-07,94,4.8,0.0,1.0,1825.0,3.0,0.0,0,12
399,Ederson M.,GKP,0.0,0.0,0.10963482186198233,0.0,,0.0,43,5.3,0.0,1.0,1875.0,3.0,0.0,0,0
122,Milambo,MID,0.0,0.0,0.3366051554679871,0.0,0.00030180885,0.0001810853078495711,94,5.2,0.0,1.0,1825.0,3.0,0.0,0,1
96,Winterburn,MID,0.0,0.0,0.3366051554679871,0.0,2.7378303e-07,1.642698180148727e-07,91,4.5,0.0,0.0,1746.0,2.0,0.0,0,1
626,Marshall,FWD,0.0,0.0,0.44189460873603914,0.0,0.00046417204,0.0002785032265819609,21,4.3,0.0,1.0,1844.0,3.0,0.0,0,2
525,Wood,FWD,0.0,0.0,0.44189460873603914,0.0,0.06225293,0.03735175877809525,17,7.2,0.0,1.0,1953.0,4.0,0.0,0,25
499,Isak,FWD,0.0,0.0,0.44189460873603914,0.0,0.22828032,0.13696819245815275,14,10.3,0.0,0.0,1780.0,3.0,0.0,0,29
467,Obi,FWD,0.0,0.0,0.44189460873603914,0.0,0.03512251,0.0210735060274601,1,4.2,0.0,0.0,1822.0,3.0,0.0,0,0
398,Danns,FWD,0.0,0.0,0.44189460873603914,0.0,0.0041115796,0.0024669477716088295,14,4.3,0.0,0.0,1780.0,3.0,0.0,0,0
397,Darwin,FWD,0.0,0.0,0.44189460873603914,0.0,0.00047057567,0.00028234540368430314,14,6.5,0.0,0.0,1780.0,3.0,0.0,0,0
364,Mateo Joseph,FWD,0.0,0.0,0.44189460873603914,0.0,0.00028627185,0.00017176311230286955,2,5.0,0.0,0.0,1934.0,3.0,0.0,0,0
363,Bamford,FWD,0.0,0.0,0.44189460873603914,0.0,0.0,0.0,2,4.9,0.0,0.0,1934.0,3.0,0.0,0,0
123,Carvalho,MID,0.0,0.0,0.3366051554679871,0.0,0.0,0.0,94,4.7,0.0,1.0,1825.0,3.0,0.0,0,13
396,Nyoni,MID,0.0,0.0,0.3366051554679871,0.0,0.22439699,0.13463819324970244,14,4.3,0.0,0.0,1780.0,3.0,0.5,0,2
395,Morton,MID,0.0,0.0,0.3366051554679871,0.0,2.7378303e-07,1.642698180148727e-07,14,4.5,0.0,0.0,1780.0,3.0,0.0,0,0
394,McConnell,MID,0.0,0.0,0.3366051554679871,0.0,2.7378303e-07,1.642698180148727e-07,14,4.4,0.0,0.0,1780.0,3.0,0.0,0,0
393,Bajcetic,MID,0.0,0.0,0.3366051554679871,0.0,0.0,0.0,14,4.3,0.0,0.0,1780.0,3.0,0.0,0,0
391,Gannon-Doak,MID,0.0,0.0,0.3366051554679871,0.0,3.6563727e-06,2.1938235931884263e-06,91,4.8,0.0,0.0,1746.0,2.0,0.0,0,7
383,Luis Díaz,MID,0.0,0.0,0.3366051554679871,0.0,2.7378303e-07,1.642698180148727e-07,14,8.0,0.0,0.0,1780.0,3.0,0.0,0,0
429,Phillips,MID,0.0,0.0,0.3366051554679871,0.0,2.7378303e-07,1.642698180148727e-07,43,4.7,0.0,1.0,1875.0,3.0,0.0,0,0
428,Nypan,MID,0.0,0.0,0.3366051554679871,0.0,0.42371073,0.2542264401912689,43,5.0,0.0,1.0,1875.0,3.0,0.5,0,0
426,McAtee,MID,0.0,0.0,0.3366051554679871,0.0,0.55891186,0.33534711599349976,17,5.0,0.0,1.0,1953.0,4.0,-0.5,0,6
275,Ahamada,MID,0.0,0.0,0.3366051554679871,0.0,8.396981e-05,5.038188683101907e-05,31,4.3,0.0,1.0,1674.0,2.0,0.0,0,0
422,Kovačić,MID,0.0,0.0,0.3366051554679871,0.0,2.7378303e-07,1.642698180148727e-07,43,5.8,0.0,1.0,1875.0,3.0,0.0,0,1
420,Gündoğan,MID,0.0,0.0,0.3366051554679871,0.0,2.7378303e-07,1.642698180148727e-07,43,6.3,0.0,1.0,1875.0,3.0,0.0,0,0
419,Grealish,MID,0.0,0.0,0.3366051554679871,0.0,0.22955188,0.13773112893104553,11,6.3,0.6,1.0,1878.0,3.0,0.0,0,79
765,Shahar,DEF,0.0,0.0,0.56241235435009,0.0,,0.0,4,4.0,0.0,0.0,1980.0,4.0,-0.5,0,0
58,Kamara,MID,0.0,0.0,0.3366051554679871,0.0,0.0,0.0,7,4.9,0.0,1.0,1785.0,2.0,0.0,0,61
57,Dobbin,MID,0.0,0.0,0.3366051554679871,0.0,2.7378303e-07,1.642698180148727e-07,7,5.0,0.0,1.0,1785.0,2.0,0.0,0,0
54,McGinn,MID,0.0,0.0,0.3366051554679871,0.0,0.0,0.0,7,5.4,0.2,1.0,1785.0,2.0,0.0,0,71
53,Malen,MID,0.0,0.0,0.3366051554679871,0.0,0.0,0.0,7,5.1,0.0,1.0,1785.0,2.0,0.0,0,55
352,Harrison,MID,0.0,0.0,0.3366051554679871,0.0,2.7378303e-07,1.642698180148727e-07,2,5.1,0.0,0.0,1934.0,3.0,0.0,0,12
425,Echeverri,MID,0.0,0.0,0.3366051554679871,0.0,2.7378303e-07,1.642698180148727e-07,43,5.4,0.0,1.0,1875.0,3.0,0.0,0,0
462,J.Fletcher,MID,0.0,0.0,0.3366051554679871,0.0,0.25250107,0.1515006422996521,1,4.3,0.0,0.0,1822.0,3.0,0.0,0,3
461,Fitzgerald,MID,0.0,0.0,0.3366051554679871,0.0,0.042769805,0.025661882758140565,1,4.3,0.0,0.0,1822.0,3.0,0.0,0,0
451,Rashford,MID,0.0,0.0,0.3366051554679871,0.0,2.7378303e-07,1.642698180148727e-07,1,7.0,0.0,0.0,1822.0,3.0,0.0,0,0
188,Delcroix,DEF,0.0,0.0,0.56241235435009,0.0,,0.0,90,3.8,0.0,0.0,1925.0,3.0,0.0,0,0
186,Roberts,DEF,0.0,0.0,0.56241235435009,0.0,,0.0,90,4.4,0.0,0.0,1925.0,3.0,0.0,0,0
156,Tasker,DEF,0.0,0.0,0.56241235435009,0.0,,0.0,36,3.8,0.0,0.0,1858.0,3.0,0.0,0,0
153,Webster,DEF,0.0,0.0,0.56241235435009,0.0,,0.0,36,4.4,0.0,0.0,1858.0,3.0,0.0,0,0
149,Igor,DEF,0.0,0.0,0.56241235435009,0.0,,0.0,36,4.5,0.0,0.0,1858.0,3.0,0.0,0,6
199,Worrall,DEF,0.0,0.0,0.56241235435009,0.0,,0.0,90,3.8,0.6,0.0,1925.0,3.0,0.6,3,10
536,Hjelde,DEF,0.0,0.0,0.56241235435009,0.0,,0.0,56,4.0,0.0,1.0,1802.0,2.0,0.0,0,0
196,Sambo,DEF,0.0,0.0,0.56241235435009,0.0,,0.0,90,4.0,0.0,0.0,1925.0,3.0,0.0,0,0
194,Jordan,DEF,0.0,0.0,0.56241235435009,0.0,,0.0,90,3.9,0.0,0.0,1925.0,3.0,0.0,0,0
192,Hartman,DEF,0.0,0.0,0.56241235435009,0.0,,0.0,90,4.0,0.0,0.0,1925.0,3.0,0.0,0,46
415,Savinho,MID,0.0,0.0,0.3366051554679871,0.0,0.9514286,0.5708571553230285,43,6.9,0.0,1.0,1875.0,3.0,0.1,0,26
463,Kone,MID,0.0,0.0,0.3366051554679871,0.0,0.0,0.0,1,4.3,0.0,0.0,1822.0,3.0,0.0,0,0
716,Savona,DEF,0.0,0.0,0.56241235435009,0.0,,0.0,17,4.5,0.0,1.0,1953.0,4.0,0.0,0,39
701,Rowe,DEF,0.0,0.0,0.56241235435009,0.0,,0.0,7,4.0,0.0,1.0,1785.0,2.0,0.0,0,0
441,Dorgu,DEF,0.0,0.0,0.56241235435009,0.0,,0.0,1,4.3,4.6,0.0,1822.0,3.0,0.0,0,74
568,Pedro Porro,DEF,0.0,0.0,0.56241235435009,0.0,,0.0,6,5.2,1.0,1.0,2060.0,4.0,0.0,0,79
542,Seelt,DEF,0.0,0.0,0.56241235435009,0.0,,0.0,56,4.0,0.0,1.0,1802.0,2.0,0.0,0,2
197,Sonne,DEF,0.0,0.0,0.56241235435009,0.0,,0.0,90,3.8,0.0,0.0,1925.0,3.0,0.0,0,13
294,Coleman,DEF,0.0,0.0,0.56241235435009,0.0,,0.0,11,4.2,0.0,1.0,1878.0,3.0,0.0,0,3
293,O'Brien,DEF,0.0,0.0,0.56241235435009,0.0,,0.0,11,4.9,3.8,1.0,1878.0,3.0,0.0,-2,86
333,Godo,MID,0.0,0.0,0.3366051554679871,0.0,2.7378303e-07,1.642698180148727e-07,54,4.5,0.0,0.0,1702.0,3.0,0.0,0,0
332,Lukić,MID,0.0,0.0,0.3366051554679871,0.0,0.31092685,0.18655611276626585,54,4.9,0.4,0.0,1702.0,3.0,0.0,0,50
331,Cairney,MID,0.0,0.0,0.3366051554679871,0.0,0.43117368,0.2587042093276977,54,4.8,0.6,0.0,1702.0,3.0,0.0,0,24
327,Andreas,MID,0.0,0.0,0.3366051554679871,0.0,2.7378303e-07,1.642698180148727e-07,54,5.3,0.0,0.0,1702.0,3.0,0.0,0,0
309,Metcalfe,MID,0.0,0.0,0.3366051554679871,0.0,2.7378303e-07,1.642698180148727e-07,11,4.5,0.0,1.0,1878.0,3.0,0.0,0,0
308,Heath,MID,0.0,0.0,0.3366051554679871,0.0,2.7378303e-07,1.642698180148727e-07,11,4.5,0.0,1.0,1878.0,3.0,0.0,0,0
269,Esse,MID,0.0,0.0,0.3366051554679871,0.0,2.7378303e-07,1.642698180148727e-07,31,4.7,0.0,1.0,1674.0,2.0,0.0,0,4
189,Dodgson,DEF,0.0,0.0,0.56241235435009,0.0,,0.0,90,4.0,0.0,0.0,1925.0,3.0,0.0,0,0
248,Paez,MID,0.0,0.0,0.3366051554679871,0.0,2.7378303e-07,1.642698180148727e-07,8,4.5,0.0,1.0,1697.0,2.0,0.0,0,0
247,D.Essugo,MID,0.0,0.0,0.3366051554679871,0.0,0.0,0.0,8,4.3,0.0,1.0,1697.0,2.0,0.0,0,0
245,Mudryk,MID,0.0,0.0,0.3366051554679871,0.0,0.00024894797,0.0001493687799666077,8,4.9,0.0,1.0,1697.0,2.0,0.0,0,0
244,Lavia,MID,0.0,0.0,0.3366051554679871,0.0,0.0013241074,0.0007944644428789615,8,4.9,0.0,1.0,1697.0,2.0,0.0,0,4
240,Nkunku,MID,0.0,0.0,0.3366051554679871,0.0,2.7378303e-07,1.642698180148727e-07,8,5.9,0.0,1.0,1697.0,2.0,0.0,0,0
239,Gittens,MID,0.0,0.0,0.3366051554679871,0.0,0.13261266,0.07956759631633759,8,6.0,0.4,1.0,1697.0,2.0,0.0,0,25
282,Umeh,MID,0.0,0.0,0.3366051554679871,0.0,2.7378303e-07,1.642698180148727e-07,31,4.5,0.0,1.0,1674.0,2.0,0.0,0,0
281,Rodney,MID,0.0,0.0,0.3366051554679871,0.0,0.042827353,0.025696411728858948,31,4.4,0.0,1.0,1674.0,2.0,0.0,0,1
278,J.Rak-Sakyi,MID,0.0,0.0,0.3366051554679871,0.0,2.7378303e-07,1.642698180148727e-07,31,4.4,0.0,1.0,1674.0,2.0,0.0,0,0
277,Ebiowei,MID,0.0,0.0,0.3366051554679871,0.0,2.7378303e-07,1.642698180148727e-07,31,4.5,0.0,1.0,1674.0,2.0,0.0,0,0
268,Doucouré,MID,0.0,0.0,0.3366051554679871,0.0,2.7378303e-07,1.642698180148727e-07,31,4.9,0.0,1.0,1674.0,2.0,0.0,0,0
265,Kporha,DEF,0.0,0.0,0.56241235435009,0.0,,0.0,31,4.0,0.0,1.0,1674.0,2.0,0.0,0,0
264,Holding,DEF,0.0,0.0,0.56241235435009,0.0,,0.0,31,4.0,0.0,1.0,1674.0,2.0,0.0,0,0
263,Clyne,DEF,0.0,0.0,0.56241235435009,0.0,,0.0,31,3.8,0.0,1.0,1674.0,2.0,0.0,0,14
234,Anselmino,DEF,0.0,0.0,0.56241235435009,0.0,,0.0,8,4.0,0.0,1.0,1697.0,2.0,0.0,0,0
231,M.Sarr,DEF,0.0,0.0,0.56241235435009,0.0,,0.0,8,4.5,0.0,1.0,1697.0,2.0,0.0,0,0
307,Ebere,MID,0.0,0.0,0.3366051554679871,0.0,0.116005085,0.06960305124521256,11,4.4,0.0,1.0,1878.0,3.0,0.0,0,0
306,Bates,MID,0.0,0.0,0.3366051554679871,0.0,0.20840515,0.12504309117794035,11,4.3,0.0,1.0,1878.0,3.0,0.0,0,0
361,Gyabi,MID,0.0,0.0,0.3366051554679871,0.0,2.7378303e-07,1.642698180148727e-07,2,4.5,0.0,0.0,1934.0,3.0,0.0,0,0
360,Gelhardt,MID,0.0,0.0,0.3366051554679871,0.0,2.7378303e-07,1.642698180148727e-07,2,4.5,0.0,0.0,1934.0,3.0,0.0,0,0
298,Welch,DEF,0.0,0.0,0.56241235435009,0.0,,0.0,11,3.8,0.0,1.0,1878.0,3.0,0.0,0,0
357,Ramazani,MID,0.0,0.0,0.3366051554679871,0.0,2.7378303e-07,1.642698180148727e-07,2,4.9,0.0,0.0,1934.0,3.0,0.0,0,0
355,Greenwood,MID,0.0,0.0,0.3366051554679871,0.0,2.7378303e-07,1.642698180148727e-07,2,4.9,0.0,0.0,1934.0,3.0,0.0,0,0
25,Nwaneri,MID,0.0,0.0,0.3366051554679871,0.0,2.7378303e-07,1.642698180148727e-07,3,5.0,0.0,0.0,1812.0,3.0,0.0,0,8
23,Fábio Vieira,MID,0.0,0.0,0.3366051554679871,0.0,2.7378303e-07,1.642698180148727e-07,3,5.4,0.0,0.0,1812.0,3.0,0.0,0,0
22,Merino,MID,0.0,0.0,0.3366051554679871,0.0,0.04731145,0.028386870771646498,3,5.4,1.3,0.0,1812.0,3.0,0.0,0,66
798,Imray,DEF,0.0,0.0,0.56241235435009,0.0,,0.0,31,4.0,0.0,1.0,1674.0,2.0,0.0,0,0
768,Leon Routh,DEF,0.0,0.0,0.56241235435009,0.0,,0.0,7,4.0,0.0,1.0,1785.0,2.0,0.0,0,0
766,Olagunju,DEF,0.0,0.0,0.56241235435009,0.0,,0.0,39,4.0,0.0,0.0,1793.0,3.0,0.0,0,0
274,Agbinone,MID,0.0,0.0,0.3366051554679871,0.0,0.2170558,0.13023347854614256,31,4.3,0.0,1.0,1674.0,2.0,0.0,0,0
323,Amissah,DEF,0.0,0.0,0.56241235435009,0.0,,0.0,54,3.8,0.0,0.0,1702.0,3.0,0.0,0,0
359,Crew,MID,0.0,0.0,0.3366051554679871,0.0,2.7378303e-07,1.642698180148727e-07,2,4.5,0.0,0.0,1934.0,3.0,0.0,0,0
